# name	kind	langs	nominative	genitive	mid	source	[without]
Abdulah	m	hr,sr,bs	Abdùlāh	-	-	HJP
Ada	ž	hr,sr,bs	Áda	-	=Ade,Adi	Wiktionary
Adamič	p	hr,sr,bs	Adámič	-	-	HJP
Adon	m	hr,sr,bs	Ȃdon	-	-	HJP
Adriana	ž	hr,sr,bs	Adriàna	-	=Adriane	Wiktionary
Afrić	p	hr,sr,bs	Áfrić	-	-	HJP
Agić	p	hr,sr,bs	Ágić	-	-	Wiktionary
Agneza	ž	hr,sr,bs	Agnéza	-	-	HJP+Wiktionary
Alaburić	p	hr,sr,bs	Alabȕrić	-	-	Wiktionary
Alajbegović	p	hr,sr,bs	Àlājbegović	-	-	Wiktionary
Alavanja	p	hr,sr,bs	Ȁlavanja	-	-	Wiktionary
Aldo	m	hr,sr,bs	Áldo	-	-	HJP
Aleksej	m	hr,sr,bs	Alèksej	-	-	Wiktionary
Ali	p	hr,sr,bs	Áli	-	=	HJP
Ambrozije	m	hr,sr,bs	Àmbrōzije	-	-	HJP+Wiktionary
Amon	m	hr,sr,bs	Ȃmon	-	-	HJP
Ananda	m	hr,sr,bs	Anánda	-	-	HJP
Anastazija	p	hr,sr,bs	Anastázija	-	-	HJP
Andrijana	ž	hr,sr,bs	Andrìjana	-	-	Vuk
Andrić	p	hr,sr,bs	Ándrić	-	-	HJP
Anka	ž	hr,sr,bs	Ȃnka	-	-	Wiktionary
Ante	m	hr,sr,bs	Ánte	Ánte	=Ante,Anti	HJP+Wiktionary
Antigona	ž	hr,sr,bs	Antìgona	-	-	HJP
Anto	m	hr,sr,bs	Ánto	-	-	Vuk
Anđa	ž	hr,sr,bs	Ánđa	-	-	Wiktionary
Anđelić	p	hr,sr,bs	Anđèlīć	-	-	Wiktionary
Apolonije	m	hr,sr,bs	Apolónije	-	-	HJP
Aralica	p	hr,sr,bs	Arȁlica	-	-	HJP
Arnaut	p	hr,sr,bs	Arnàut	-	-	Wiktionary
Arnautović	p	hr,sr,bs	Arnàutović	-	-	Wiktionary
Arsa	m	hr,sr,bs	Ársa	-	-	Vuk
Arsenije	m	hr,sr,bs	Ȁrsenije	-	-	Vuk
Asim	m	hr,sr,bs	Ásim	-	-	Wiktionary
Auer	p	hr,sr,bs	Àuer	-	-	HJP
Augustinčić	p	hr,sr,bs	Augùstīnčić	-	-	HJP
Babaja	p	hr,sr,bs	Babája	-	-	HJP
Bajamonti	m	hr,sr,bs	Bajamȏnti	-	-	HJP
Bajazid	m	hr,sr,bs	Bàjazid	-	-	HJP
Baldo	m	hr,sr,bs	Báldo	-	-	Wiktionary
Baltazar	m	hr,sr,bs	Bȁltazār	-	-	HJP
Balšić	p	hr,sr,bs	Bȃlšić	-	-	Wiktionary
Ban	p	hr,sr,bs	Bȃn	-	-	Wiktionary
Banović	p	hr,sr,bs	Bánović	-	-	Wiktionary
Barac	p	hr,sr,bs	Bárac	-	-	HJP
Barada	p	hr,sr,bs	Bàrada	-	-	HJP
Barbara	ž	hr,sr,bs	Bàrbara	-	=Barbara,Barbare,Barbari,Barbaru	HJP
Barić	p	hr,sr,bs	Bárić	-	-	HJP
Bartol	m	hr,sr,bs	Bȃrtol	-	-	Wiktionary
Bartolomej	m	hr,sr,bs	Bartolòmēj	-	-	HJP
Barzilo	p	hr,sr,bs	Barzìlo	-	-	Wiktionary
Barzilović	p	hr,sr,bs	Barzilóvić	-	-	Wiktionary
Basariček	p	hr,sr,bs	Basarìček	-	-	HJP
Bauer	p	hr,sr,bs	Bàuer	-	=Bauer,Bauera	HJP
Bazala	p	hr,sr,bs	Bazála	-	-	HJP
Bazilije	m	hr,sr,bs	Bàzīlije	-	-	HJP
Bedenik	m	hr,sr,bs	Bedènīk	Bedeníka	-	HJP
Begić	p	hr,sr,bs	Bégić	-	-	Wiktionary
Bego	p	hr,sr,bs	Bégo	-	-	Wiktionary
Belamarić	p	hr,sr,bs	Belamárić	-	-	Wiktionary
Belostenec	p	hr,sr,bs	Belosténec	-	-	HJP
Bence	p	hr,sr,bs	Bénce	-	-	HJP
Benjamin	m	hr,sr,bs	Bénjamin	-	=Benjamin,Benjamina	HJP
Benković	p	hr,sr,bs	Bénković	-	-	HJP
Benčić	p	hr,sr,bs	Bȇnčić	-	-	Wiktionary
Berislavić	p	hr,sr,bs	Berìslavić	-	-	HJP
Berković	p	hr,sr,bs	Bérković	-	-	HJP
Bernardi	p	hr,sr,bs	Bernárdi	-	-	HJP
Berčić	p	hr,sr,bs	Bérčić	-	-	HJP
Biankini	p	hr,sr,bs	Biankíni	-	-	HJP
Blagaić	p	hr,sr,bs	Blagáić	-	-	HJP
Blaž	m	hr,sr,bs	Blȃž	-	-	HJP
Blažević	p	hr,sr,bs	Blážević	-	-	HJP+Wiktionary
Bor	m	hr,sr,bs	Bȏr	-	=Bora	HJP
Boris	m	hr,sr,bs	Bȏris	-	=Borisa	HJP+Wiktionary
Borko	m	hr,sr,bs	Bórko	-	-	Wiktionary
Borna	ž	hr,sr,bs	Bȏrna	-	-	HJP+Wiktionary
Božidar	m	hr	Bòžidar	-	-	HJP
Božidar	m	sr,bs	Bȍžidār	-	-	Wiktionary
Božo	m	hr,sr,bs	Bóžo	-	-	Wiktionary
Bradić	p	hr,sr,bs	Brádić	-	-	Wiktionary
Branimir	m	hr,sr,bs	Brànimir	-	-	HJP+Wiktionary
Branka	ž	hr,sr,bs	Brȃnka	-	-	Wiktionary
Branko	m	hr,sr,bs	Brȃnko	-	-	Wiktionary
Brekalo	p	hr,sr,bs	Brékalo	-	-	Wiktionary
Broz	p	hr,sr,bs	Brȏz	-	-	HJP+Wiktionary
Brozović	p	hr,sr,bs	Brózović	-	-	Wiktionary
Budimir	m	hr,sr,bs	Bȕdimīr	-	-	Wiktionary
Budislavić	p	hr,sr,bs	Budìslavić	-	-	HJP
Budmani	p	hr,sr,bs	Budmȃni	-	-	HJP
Bulajić	p	hr,sr,bs	Bulájić	-	-	HJP
Bulić	p	hr,sr,bs	Búlić	-	-	HJP+Wiktionary
Bunić	p	hr,sr,bs	Búnić	-	-	HJP
Cecilija	ž	hr,sr,bs	Cècīlija	-	-	HJP
Cesarec	p	hr,sr,bs	Cesárec	-	-	HJP
Cilić	p	hr,sr,bs	Cílić	-	-	HJP
Ciprijan	m	hr,sr,bs	Cȉprijan	-	-	HJP
Crnčević	p	hr,sr,bs	Cŕnčević	-	-	Wiktionary
Cvek	p	hr,sr,bs	Cvȇk	-	-	Wiktionary
Cvetin	m	hr,sr,bs	Cvȇtin	-	-	Vuk
Cvijić	p	hr,sr,bs	Cvíjić	-	-	HJP
Cvita	ž	hr,sr,bs	Cvíta	-	-	Wiktionary
Cvjetićanin	p	hr,sr,bs	Cvjetíćanin	-	-	Wiktionary
Dabac	p	hr,sr,bs	Dábac	-	-	HJP
Dabro	p	hr,sr,bs	Dábro	-	-	Wiktionary
Daco	m	hr,sr,bs	Dáco	-	-	HJP
Dadić	p	hr,sr,bs	Dádić	-	-	Wiktionary
Dado	m	hr,sr,bs	Dádo	-	-	HJP
Dalila	ž	hr,sr,bs	Dalíla	-	-	HJP
Damjanović	p	hr,sr,bs	Dàmjanović	-	-	Wiktionary
Damnjanović	p	hr,sr,bs	Dàmnjanović	-	-	Wiktionary
Danko	m	hr,sr,bs	Dȃnko	-	-	Wiktionary
Dario	m	hr,sr,bs	Dȃrio	-	-	HJP
Darko	m	hr,sr,bs	Dárko	-	-	Wiktionary
Davorin	m	hr,sr,bs	Dȁvorin	-	-	Wiktionary
Delimir	m	hr,sr,bs	Dèlimir	-	-	Wiktionary
Delorko	p	hr,sr,bs	Delórko	-	-	HJP
Demeter	p	hr,sr,bs	Démeter	-	-	HJP
Demirel	p	hr,sr,bs	Demirèl	-	-	HJP
Denis	m	hr,sr,bs	Dȇnis	-	=Denis,Denisa	HJP
Despotović	p	hr,sr,bs	Dȅspotović	-	-	Vuk
Devide	p	hr,sr,bs	Devidé	-	-	HJP
Devčić	p	hr,sr,bs	Dévčić	-	-	HJP
Dimitar	m	hr,sr,bs	Dìmitar	-	-	HJP
Dimitrijević	m	hr,sr,bs	Dimitríjević	-	-	HJP
Dinka	ž	hr,sr,bs	Dȋnka	-	-	Wiktionary
Dinko	m	hr,sr,bs	Dȋnko	-	-	HJP+Wiktionary
Dino	m	hr,sr,bs	Díno	-	-	Wiktionary
Divković	p	hr,sr,bs	Dívković	-	-	HJP
Dominika	ž	hr,sr,bs	Domìnika	-	-	HJP	Dominika,Dominikom,Dominiku
Dominović	p	hr,sr,bs	Dòminović	-	-	Wiktionary
Domić	p	hr,sr,bs	Dómić	-	-	Wiktionary
Dončević	p	hr,sr,bs	Dónčević	-	-	HJP
Dora	ž	hr,sr,bs	Dóra	-	=Dori	HJP
Dorotea	ž	hr,sr,bs	Dorotéa	-	-	Wiktionary
Doroteja	ž	hr,sr,bs	Dorotéja	-	-	HJP+Wiktionary
Dragica	ž	hr,sr,bs	Drȃgica	-	-	Wiktionary
Dragomir	m	hr,sr,bs	Drȁgomīr	-	-	Wiktionary
Draško	m	hr,sr,bs	Dráško	-	-	Vuk
Drinčić	p	hr,sr,bs	Drȋnčić	-	-	Wiktionary
Dudić	p	hr,sr,bs	Dúdić	-	-	HJP
Dujam	m	hr,sr,bs	Dȗjam	-	-	HJP
Dulčić	p	hr,sr,bs	Dȗlčić	-	-	HJP
Dundović	p	hr,sr,bs	Dúndović	-	-	Wiktionary
Dvornik	p	hr,sr,bs	Dvȏrnīk	-	-	Wiktionary
Džafer	m	hr,sr,bs	Džáfer	-	-	HJP
Džamonja	p	hr,sr,bs	Džámonja	-	-	HJP
Efendić	p	hr,sr,bs	Efèndīć	-	-	Wiktionary
Elizabeta	ž	hr,sr,bs	Elizabèta	-	-	HJP
Emilija	ž	hr,sr,bs	Èmīlija	-	-	Wiktionary
Eufemija	m	hr,sr,bs	Eufémija	-	-	HJP
Fabijan	p	hr,sr,bs	Fȁbijān	-	-	HJP
Faisal	m	hr,sr,bs	Fàisal	-	-	HJP
Ferdo	m	hr,sr,bs	Férdo	-	-	Wiktionary
Filakovac	p	hr,sr,bs	Filákovac	-	-	HJP
Florijan	m	hr,sr,bs	Flòrijān	-	-	HJP
Franjo	m	hr,sr,bs	Fránjo	-	-	HJP+Wiktionary
Frankapan	m	hr,sr,bs	Frànkapan	-	-	HJP
Gal	m	hr,sr,bs	Gȃl	-	=Gal,Gala	HJP
Galić	p	hr,sr,bs	Gálić	-	-	HJP
Galović	p	hr,sr,bs	Gȃlović	-	-	HJP+Wiktionary
Gamulin	p	hr,sr,bs	Gàmulin	-	-	HJP
Garašanin	p	hr,sr,bs	Garášanin	-	-	HJP
Gaudi	m	hr,sr,bs	Gaudí	-	-	HJP
Gavrić	p	hr,sr,bs	Gávrić	-	-	Wiktionary
Gedeon	m	hr,sr,bs	Gèdeon	-	-	HJP
Generalić	p	hr,sr,bs	Generàlić	-	-	HJP
Georgij	m	hr,sr,bs	Geòrgīj	-	-	HJP
Glamočak	p	hr,sr,bs	Glamòčāk	-	-	Wiktionary
Glibić	p	hr,sr,bs	Glíbić	-	-	Wiktionary
Gligorije	m	hr,sr,bs	Glȉgorije	-	-	Vuk
Gliha	p	hr,sr,bs	Glíha	-	-	HJP
Glušević	p	hr,sr,bs	Glúšević	-	-	Wiktionary
Gluščević	p	hr,sr,bs	Glúščević	-	-	HJP
Goga	p	hr,sr,bs	Góga	-	-	HJP
Gojko	m	hr,sr,bs	Gȏjko	-	-	Vuk
Golijanin	p	hr,sr,bs	Gòlijanin	-	-	Vuk
Goričan	m	hr,sr,bs	Gòričan	-	-	HJP
Gregorčič	p	hr,sr,bs	Gregòrčič	-	-	HJP
Gunjača	p	hr,sr,bs	Gùnjača	-	-	HJP+Wiktionary
Hadidža	m	hr,sr,bs	Hadìdža	-	-	HJP
Hadrijan	m	hr,sr,bs	Hàdrijān	-	-	HJP
Halvadžić	p	hr,sr,bs	Halvàdžić	-	-	Wiktionary
Hanaman	p	hr,sr,bs	Hànaman	-	-	HJP
Harmoš	p	hr,sr,bs	Hȃrmoš	-	-	HJP
Heda	m	hr,sr,bs	Héda	-	-	HJP
Hieronim	m	hr,sr,bs	Hierònim	-	-	HJP
Hilarij	m	hr,sr,bs	Hilárij	-	-	HJP
Hinko	m	hr,sr,bs	Hȋnko	-	-	HJP
Hinković	p	hr,sr,bs	Hínković	-	-	HJP
Horozović	p	hr,sr,bs	Hȍrozović	-	-	Wiktionary
Horvatin	p	hr,sr,bs	Hȍrvatin	-	-	HJP
Hraste	p	hr,sr,bs	Hráste	-	-	HJP
Hugo	m	hr,sr,bs	Húgo	-	=	HJP
Huml	p	hr,sr,bs	Húml	-	-	HJP
Humo	p	hr,sr,bs	Húmo	-	-	HJP
Husić	p	hr,sr,bs	Húsić	-	-	Wiktionary
Ico	m	hr,sr,bs	Íco	-	-	Wiktionary
Ida	ž	hr,sr,bs	Ída	-	=Ide,Idi,Idu	HJP
Ignacije	m	hr,sr,bs	Ìgnācije	-	-	HJP
Ilić	p	hr,sr,bs	Ílīć	-	-	Wiktionary
Ilovača	p	hr,sr,bs	Ìlovača	-	-	Wiktionary
Imbro	m	hr,sr,bs	Ímbro	-	-	Wiktionary
Imre	m	hr,sr,bs	Ímre	-	-	HJP+Wiktionary
Ines	ž	hr,sr,bs	Ȋnes	-	-	HJP+Wiktionary
Inocent	m	hr,sr,bs	Ìnocent	-	-	HJP
Iris	ž	hr,sr,bs	Ȋris	-	=	HJP
Irma	ž	hr,sr,bs	Ȋrma	-	-	HJP
Iva	ž	hr,sr,bs	Íva	-	=Ivi	Wiktionary
Ivka	ž	hr,sr,bs	Ȋvka	-	-	Wiktionary
Ivo	m	hr,sr,bs	Ívo	-	-	Wiktionary
Ivšić	p	hr,sr,bs	Ívšić	-	-	HJP
Izetbegović	p	hr,sr,bs	Ìzetbegović	-	-	HJP
Izidora	ž	hr,sr,bs	Izidóra	-	-	Wiktionary	Izidora,Izidorom,Izidoru
Jagić	p	hr,sr,bs	Jágić	-	-	HJP
Jakić	p	hr,sr,bs	Jákić	-	-	HJP
Jan	m	hr,sr,bs	Jȃn	-	=Jan,Jana	HJP
Janigro	p	hr,sr,bs	Janȉgro	-	-	HJP
Janja	ž	hr,sr,bs	Jánja	-	=Janje	HJP+Wiktionary
Janjić	p	hr,sr,bs	Jánjić	-	-	Wiktionary
Janjoš	m	hr,sr,bs	Jȃnjoš	-	-	Wiktionary
Janjuš	m	hr,sr,bs	Jȃnjuš	-	-	Wiktionary
Janko	m	hr,sr,bs	Jȃnko	-	-	HJP+Wiktionary
Janković	p	hr,sr,bs	Jánković	-	-	HJP+Wiktionary
Janoš	m	hr,sr,bs	Jȃnoš	-	-	HJP+Wiktionary
Janoško	p	hr,sr,bs	Jánoško	-	-	Wiktionary
Januš	m	hr,sr,bs	Jȃnuš	-	-	Wiktionary
Jarić	p	hr,sr,bs	Járić	-	-	Wiktionary
Jarnović	p	hr,sr,bs	Jȃrnović	-	-	HJP
Jaromir	m	hr,sr,bs	Jȁromīr	-	-	Wiktionary
Jaša	m	hr,sr,bs	Jáša	-	=Jaše,Jaši,Jašu	Vuk
Jedvaj	p	hr,sr,bs	Jȇdvaj	-	-	Wiktionary
Jeftimije	m	hr,sr,bs	Jèftīmije	-	-	HJP
Jelisaveta	ž	hr,sr,bs	Jelisàveta	-	-	HJP
Jelić	p	hr,sr,bs	Jélić	-	-	HJP
Jelka	ž	hr,sr,bs	Jȇlka	-	=Jelke,Jelku	Wiktionary
Jera	ž	hr,sr,bs	Jéra	-	-	HJP
Jerko	m	hr,sr,bs	Jérko	-	-	Wiktionary
Jevta	m	hr,sr,bs	Jévta	-	-	Vuk
Joakim	m	hr,sr,bs	Joàkim	-	-	HJP
Joca	m	hr,sr,bs	Jóca	-	-	Vuk
Jokić	p	hr,sr,bs	Jókić	-	-	Wiktionary
Jolanda	ž	hr,sr,bs	Jolánda	-	-	HJP+Wiktionary
Joso	m	hr,sr,bs	Jóso	-	-	Wiktionary
Jovančić	p	hr,sr,bs	Jovànčić	-	-	Vuk
Jović	p	hr,sr,bs	Jóvić	-	-	Wiktionary
Jozefina	ž	hr,sr,bs	Jozefína	-	-	HJP+Wiktionary
Jozo	m	hr,sr,bs	Józo	-	-	Wiktionary
Julija	ž	hr,sr,bs	Jȗlija	-	=Julije,Juliji,Juliju	HJP
Jure	m	hr,sr,bs	Júre	-	=	Vuk
Jurić	p	hr,sr,bs	Júrić	-	-	HJP+Wiktionary
Jurković	p	hr,sr,bs	Júrković	-	-	HJP
Kafedžić	p	hr,sr,bs	Kafèdžīć	-	-	Wiktionary
Kalajdžić	p	hr,sr,bs	Kalàjdžīć	-	-	Wiktionary
Kantoci	p	hr,sr,bs	Kantòci	-	-	HJP
Karaman	p	hr,sr,bs	Kȁraman	-	-	HJP
Karapandža	p	hr,sr,bs	Karàpāndža	-	-	Wiktionary
Karlo	m	hr,sr,bs	Kȃrlo	-	-	HJP
Karlovac	m	hr,sr,bs	Kȃrlovac	-	-	HJP
Karlović	p	hr,sr,bs	Kȃrlović	-	-	HJP
Karlovčan	p	hr,sr,bs	Kȃrlovčan	-	-	HJP
Kasijan	m	hr,sr,bs	Kàsijan	-	-	HJP+Wiktionary
Katić	p	hr,sr,bs	Kátić	-	-	Wiktionary
Kazimir	m	hr,sr,bs	Kàzimir	-	-	Wiktionary
Keglević	p	hr,sr,bs	Kéglević	-	-	HJP
Kerdić	p	hr,sr,bs	Kérdić	-	-	HJP
Kikić	p	hr,sr,bs	Kíkić	-	-	HJP
Kirigin	p	hr,sr,bs	Kìrigin	-	-	HJP
Kladušak	p	hr,sr,bs	Kladùšāk	-	-	Wiktionary
Klaić	p	hr,sr,bs	Kláić	-	-	HJP+Wiktionary
Klajić	p	hr,sr,bs	Klájić	-	-	Wiktionary
Klara	ž	hr,sr,bs	Klára	-	=Klara	HJP
Kljaić	p	hr,sr,bs	Kljáić	-	-	Wiktionary
Kljajić	p	hr,sr,bs	Kljájić	-	-	Wiktionary
Kljajo	p	hr,sr,bs	Kljájo	-	-	Wiktionary
Klobučar	p	hr,sr,bs	Klòbučār	-	-	HJP+Wiktionary
Klović	p	hr,sr,bs	Klóvić	-	-	HJP
Kocijan	p	hr,sr,bs	Kòcijān	-	-	HJP
Kolacio	p	hr,sr,bs	Kolácio	-	-	HJP
Koloman	m	hr,sr,bs	Kȍloman	-	-	HJP
Kombol	p	hr,sr,bs	Kȏmbol	-	-	HJP
Kopitar	p	hr,sr,bs	Kòpitār	-	-	HJP
Korina	ž	hr,sr,bs	Korína	-	-	HJP
Kornelije	m	hr,sr,bs	Kòrnēlije	-	-	HJP
Korošec	p	hr,sr,bs	Koròšec	-	-	HJP
Kos	p	hr,sr,bs	Kȏs	-	=Kosa,Kosu,Kosom	Wiktionary
Kostrenčić	p	hr,sr,bs	Kostrènčić	-	-	HJP
Kotruljević	p	hr,sr,bs	Kòtruljević	-	-	HJP
Kozarčanin	p	hr,sr,bs	Kozárčanin	-	-	HJP
Kožul	p	hr,sr,bs	Kȏžul	-	-	Wiktionary
Kranjec	p	hr,sr,bs	Kránjec	-	-	HJP
Kranjčević	p	hr,sr,bs	Kránjčević	-	-	HJP
Krešimir	m	hr,sr,bs	Krèšimir	-	-	HJP+Wiktionary
Krešo	m	hr,sr,bs	Kréšo	-	-	Wiktionary
Kristijan	m	hr,sr,bs	Krìstijan	-	=Kristijana	HJP+Wiktionary
Krivokapić	p	hr,sr,bs	Krivòkapić	-	-	Wiktionary
Krnjević	p	hr,sr,bs	Kŕnjević	-	-	HJP
Krstić	p	hr,sr,bs	Kŕstić	-	-	Wiktionary
Krsto	m	hr,sr,bs	Kŕsto	-	-	Vuk
Kruno	m	hr,sr,bs	Krúno	-	-	Wiktionary
Kršnjavi	p	hr,sr,bs	Kršnjávi	-	-	HJP
Ksenija	ž	hr,sr,bs	Ksȇnija	-	-	HJP
Kukuruzović	p	hr,sr,bs	Kukùruzović	-	-	Wiktionary
Kuprešak	p	hr,sr,bs	Kuprèšāk	-	-	Wiktionary
Kurelac	p	hr,sr,bs	Kurélac	-	-	HJP
Labudović	p	hr,sr,bs	Lȁbudović	-	-	Wiktionary
Lada	ž	hr,sr,bs	Láda	-	=Ladi	HJP
Lamija	ž	hr,sr,bs	Lámija	-	-	HJP
Lana	ž	hr,sr,bs	Lána	-	=Lana,Lane,Lani,Lanu	HJP
Laslo	m	hr,sr,bs	Láslo	-	-	HJP
Latif	m	hr,sr,bs	Látif	-	-	HJP
Laura	ž	hr,sr,bs	Làura	-	=	HJP
Leko	p	hr,sr,bs	Léko	-	-	HJP+Wiktionary
Lena	ž	hr,sr,bs	Léna	-	=Lena,Lene,Leni,Lenu	HJP
Lenković	m	hr,sr,bs	Lénković	-	-	HJP
Lenuci	p	hr,sr,bs	Lenȕci	-	-	HJP
Leskovar	p	hr,sr,bs	Lȅskovār	-	-	HJP
Lidija	ž	hr,sr,bs	Lȋdija	-	=Lidiju	Wiktionary
Lino	m	hr,sr,bs	Líno	-	-	HJP
Lisinski	m	hr,sr,bs	Lisìnskī	-	-	HJP
Ljeposava	ž	hr	Ljepòsava	-	-	Wiktionary
Ljerka	ž	hr,sr,bs	Ljȇrka	-	-	HJP+Wiktionary
Ljuba	ž	hr,sr,bs	Ljúba	-	=Ljube,Ljubi	Wiktionary
Ljubinko	m	hr,sr,bs	Ljubínko	-	-	Vuk
Ljubo	m	hr,sr,bs	Ljúbo	-	-	Wiktionary
Ljubomir	m	hr,sr,bs	Ljȕbomīr	-	-	Wiktionary
Ljudevit	m	hr,sr,bs	Ljudèvit	-	-	HJP+Wiktionary
Lorković	p	hr,sr,bs	Lórković	-	-	HJP
Lovrić	p	hr,sr,bs	Lóvrić	-	-	Wiktionary
Lovro	m	hr,sr,bs	Lóvro	-	-	HJP+Wiktionary
Lubinski	p	hr,sr,bs	Lubìnskī	-	-	HJP
Lucijan	m	hr,sr,bs	Lùcijān	-	-	Wiktionary
Lucilije	p	hr,sr,bs	Lùcīlije	-	-	HJP
Lujo	m	hr,sr,bs	Lújo	-	-	HJP
Luka	m	hr,sr,bs	Lȗka	-	=	HJP
Lukijan	m	hr,sr,bs	Lȕkijān	-	-	HJP
Lukić	p	hr,sr,bs	Lúkić	-	-	HJP
Lupis	p	hr,sr,bs	Lúpis	-	-	HJP
Magdalena	ž	hr,sr,bs	Magdaléna	-	-	HJP
Mahmutović	p	hr,sr,bs	Màhmutović	-	-	Wiktionary
Majda	ž	hr,sr,bs	Májda	-	-	Vuk
Maksimilijan	m	hr,sr,bs	Maksimìlijan	-	-	HJP+Wiktionary
Mara	ž	hr,sr,bs	Mára	-	=Mare,Mari,Maru	Vuk
Marinela	ž	hr,sr,bs	Marinèla	-	-	Wiktionary
Marinko	m	hr,sr,bs	Marínko	-	-	Wiktionary
Mario	m	hr,sr,bs	Mȃrio	-	=	HJP+Wiktionary
Marko	m	hr,sr,bs	Mȃrko	-	=	HJP+Wiktionary
Markovac	p	hr,sr,bs	Márkovac	-	-	HJP
Maro	m	hr,sr,bs	Máro	-	-	HJP
Matasović	p	hr,sr,bs	Màtasović	-	-	HJP+Wiktionary
Mate	m	hr,sr,bs	Máte	Mátē	=Mate,Mati	HJP
Mateo	m	hr,sr,bs	Matèo	-	-	Wiktionary
Matijević	p	hr,sr,bs	Matíjević	-	-	HJP
Mavro	m	hr,sr,bs	Mávro	-	-	HJP
Maša	ž	hr,sr,bs	Máša	-	=Maše,Maši,Mašu	Wiktionary
Mažuranić	p	hr,sr,bs	Mažùranić	-	-	HJP+Wiktionary
Mehić	p	hr,sr,bs	Méhić	-	-	Wiktionary
Mehmedović	p	hr,sr,bs	Mèhmedović	-	-	Wiktionary
Memić	p	hr,sr,bs	Mémić	-	-	Wiktionary
Mesić	p	hr,sr,bs	Mésić	-	-	HJP
Mihailović	p	hr,sr,bs	Mihàilović	-	-	HJP
Miho	m	hr,sr,bs	Mího	-	-	Wiktionary
Mija	ž	hr,sr,bs	Míja	-	=Mije	Vuk
Mijatović	p	hr,sr,bs	Mȉjātović	-	-	Wiktionary
Mijo	m	hr,sr,bs	Míjo	-	-	Wiktionary
Milanko	m	hr,sr,bs	Milánko	-	-	Vuk
Mile	m	hr,sr,bs	Míle	-	-	Wiktionary
Milin	p	hr,sr,bs	Mȋlin	-	-	Vuk
Miljković	p	hr,sr,bs	Míljković	-	-	HJP
Milka	ž	hr,sr,bs	Mȋlka	-	-	Wiktionary
Milojko	m	hr,sr,bs	Milójko	-	-	Vuk
Milorad	m	hr,sr,bs	Mȉlorad	-	-	Wiktionary
Mira	ž	hr,sr,bs	Míra	-	=Mira,Miri,Miru,Mirom	HJP+Wiktionary
Mirela	ž	hr,sr,bs	Mirèla	-	-	HJP+Wiktionary
Mirko	m	hr,sr,bs	Mírko	-	-	HJP+Wiktionary
Mirković	p	hr,sr,bs	Mírković	-	-	HJP
Mirna	ž	hr,sr,bs	Mȋrna	-	=	HJP+Wiktionary
Miro	m	hr,sr,bs	Míro	-	-	Wiktionary
Mitić	p	hr,sr,bs	Mítić	-	-	Wiktionary
Mizrahi	p	hr,sr,bs	Mizrahȉ	-	-	HJP
Mićo	m	hr,sr,bs	Míćo	-	-	HJP
Miša	m	hr,sr,bs	Míša	-	=Miša,Mišu	Vuk
Miše	p	hr,sr,bs	Míše	-	-	HJP
Mišo	m	hr,sr,bs	Míšo	-	-	HJP
Modrić	p	hr,sr,bs	Módrić	-	-	Wiktionary
Mohorovičić	p	hr,sr,bs	Mohoròvičić	-	-	HJP+Wiktionary
Morpurgo	p	hr,sr,bs	Morpúrgo	-	-	HJP
Muharemović	p	hr,sr,bs	Muháremović	-	-	Wiktionary
Mujo	m	hr,sr,bs	Mújo	-	-	HJP
Mulić	p	hr,sr,bs	Múlić	-	-	Wiktionary
Muncimir	m	hr,sr,bs	Mùncimir	-	-	HJP
Murtić	p	hr,sr,bs	Mȗrtić	-	-	HJP
Musić	p	hr,sr,bs	Músić	-	-	Wiktionary
Mutimir	m	hr,sr,bs	Mùtimīr	-	-	HJP
Nada	ž	hr,sr,bs	Náda	-	=	Wiktionary
Nalis	p	hr,sr,bs	Nȃlis	-	-	HJP
Nastasijević	p	hr,sr,bs	Nastasíjević	-	-	HJP
Neda	ž	hr,sr,bs	Néda	-	=Nede	Wiktionary
Nedić	p	hr,sr,bs	Nédić	-	-	HJP+Wiktionary
Nekić	p	hr,sr,bs	Nékić	-	-	Wiktionary
Nemanja	m	hr,sr,bs	Nèmanja	-	-	Wikipedia
Nemčić	p	hr,sr,bs	Nȇmčić	-	-	HJP
Netanjahu	p	hr,sr,bs	Netanjàhu	-	-	Wiktionary
Nika	ž	hr,sr,bs	Níka	-	=Niki,Niku,Nikom	HJP+Wiktionary
Niko	m	hr,sr,bs	Níko	-	=	Wiktionary
Nino	m	hr,sr,bs	Níno	-	-	Wiktionary
Novoselec	m	hr,sr,bs	Novosélec	-	-	HJP
Objedović	p	hr,sr,bs	Òbjedović	-	-	Wiktionary
Odžaković	p	hr,sr,bs	Òdžaković	-	-	Wiktionary
Ogrinec	p	hr,sr,bs	Ogrínec	-	-	Wiktionary
Olga	ž	hr,sr,bs	Ȏlga	-	-	HJP+Wiktionary
Oliver	m	hr,sr,bs	Òliver	-	=	Vuk
Olivera	ž	hr,sr,bs	Olìvera	-	=Olivere,Oliveru,Oliverom	Vuk	Olivera,Oliverom,Oliveru
Orbini	p	hr,sr,bs	Orbȉni	-	-	HJP
Oršić	p	hr,sr,bs	Óršić	-	-	Wiktionary
Osmić	p	hr,sr,bs	Ósmić	-	-	Wiktionary
Paletin	p	hr,sr,bs	Pàletin	-	-	HJP
Palmović	p	hr,sr,bs	Pȃlmović	-	-	HJP
Panić	p	hr,sr,bs	Pánić	-	-	Wiktionary
Pančić	p	hr,sr,bs	Pȃnčić	-	-	HJP
Papandopulo	p	hr,sr,bs	Papandòpulo	-	-	HJP
Pavle	m	hr,sr,bs	Pȃvle	-	-	Wiktionary
Pavlović	p	hr,sr,bs	Pávlović	-	-	Wiktionary
Peić	p	hr,sr,bs	Péić	-	-	HJP
Perkovac	p	hr,sr,bs	Pérkovac	-	-	HJP
Pero	m	hr,sr,bs	Péro	-	-	Wiktionary
Petra	ž	hr,sr,bs	Pétra	-	=Petra,Petre,Petru	Vuk	Petra,Petre,Petrom,Petru
Petronije	m	hr,sr,bs	Pètrōnije	-	-	HJP
Pilsudski	p	hr,sr,bs	Pilsùdskī	-	-	HJP
Pirić	p	hr,sr,bs	Pírić	-	-	Wiktionary
Planić	p	hr,sr,bs	Plánić	-	-	HJP
Podgorska	p	hr,sr,bs	Podgòrskā	-	-	HJP
Pogorelić	p	hr,sr,bs	Pogorèlić	-	-	HJP
Polančec	p	hr,sr,bs	Polànčec	-	-	Wiktionary
Potočnjak	p	hr,sr,bs	Pòtočnjāk	-	-	HJP
Prelog	m	hr,sr,bs	Prélog	-	-	HJP
Pribislavić	p	hr,sr,bs	Pribìslavić	-	-	HJP
Prijović	p	hr,sr,bs	Príjović	-	-	Wiktionary
Pusić	p	hr,sr,bs	Púsić	-	-	HJP
Pušo	m	hr,sr,bs	Púšo	-	-	HJP
Rabuzin	p	hr,sr,bs	Rȁbuzin	-	-	HJP
Radomir	m	hr,sr,bs	Rȁdomīr	-	-	Wiktionary
Rajić	m	hr,sr,bs	Rájić	Rájića	-	HJP
Rajka	ž	hr,sr,bs	Rȃjka	-	-	Vuk	Rajka,Rajkom,Rajku
Rajko	m	hr,sr,bs	Rájko	-	-	Wiktionary
Rajković	p	hr,sr,bs	Rájković	-	-	Wiktionary
Rajna	ž	hr,sr,bs	Rȃjna	-	-	HJP
Ranković	p	hr,sr,bs	Ránković	-	-	HJP
Ravenjanin	p	hr,sr,bs	Ravénjanin	-	-	HJP
Rimac	p	hr,sr,bs	Rímac	-	-	Wiktionary
Ristić	p	hr,sr,bs	Rístić	-	-	HJP
Risto	m	hr,sr,bs	Rísto	-	-	HJP
Robić	p	hr,sr,bs	Róbić	-	-	HJP
Rodić	p	hr,sr,bs	Ródić	-	-	Wiktionary
Rozalija	m	hr,sr,bs	Ròzālija	-	-	HJP
Runjanin	p	hr,sr,bs	Rúnjanin	-	-	HJP
Ruždjak	p	hr,sr,bs	Rȗždjāk	-	-	HJP
Ružić	p	hr,sr,bs	Rúžić	-	-	HJP
Salih	m	hr,sr,bs	Sálih	-	-	HJP
Salkić	p	hr,sr,bs	Sálkić	-	-	Wiktionary
Sanader	p	hr,sr,bs	Sanáder	-	-	HJP
Sanda	ž	hr,sr,bs	Sánda	-	=Sandi	Vuk
Sara	ž	hr,sr,bs	Sára	-	=	HJP+Wiktionary
Saulačić	p	hr,sr,bs	Saulȁčić	-	-	Wiktionary
Savka	ž	hr,sr,bs	Sȃvka	-	-	Wiktionary
Savo	m	hr,sr,bs	Sávo	-	-	Vuk
Sebastijan	m	hr,sr,bs	Sebàstijan	-	=Sebastijana	HJP
Seliškar	p	hr,sr,bs	Sèliškar	-	-	HJP
Senjanin	p	hr,sr,bs	Sénjanin	-	-	HJP
Sergije	m	hr,sr,bs	Sȇrgije	-	-	HJP
Severin	m	hr,sr,bs	Sȅverīn	-	-	HJP
Sibe	m	hr,sr,bs	Síbe	Síbe	-	HJP
Sidonija	ž	hr,sr,bs	Sidónija	-	-	HJP
Sima	m	hr,sr,bs	Síma	-	-	Vuk
Simić	p	hr,sr,bs	Símić	-	-	HJP
Simo	m	hr,sr,bs	Símo	-	-	Vuk
Skoko	p	hr,sr,bs	Skóko	-	-	Wiktionary
Slamnig	p	hr,sr,bs	Slámnig	-	-	HJP
Slavka	ž	hr,sr,bs	Slȃvka	-	-	Wiktionary	Slavka,Slavkom,Slavku
Slavko	m	hr,sr,bs	Slávko	-	-	Wiktionary
Slavo	m	hr,sr,bs	Slávo	-	-	Wiktionary
Slavomir	m	hr,sr,bs	Slȁvomīr	-	-	Wiktionary
Smilja	ž	hr,sr,bs	Smȋlja	-	-	Wiktionary
Smiljić	p	hr,sr,bs	Smíljić	-	-	Wiktionary
Smiljković	p	hr,sr,bs	Smíljković	-	-	Wiktionary
Smoje	p	hr,sr,bs	Smóje	-	-	HJP
Soldo	p	hr,sr,bs	Sóldo	-	-	Wiktionary
Solomun	p	hr,sr,bs	Sȍlomūn	-	-	Wiktionary
Spaić	p	hr,sr,bs	Spáić	-	-	HJP
Spajić	p	hr,sr,bs	Spájić	-	-	Wiktionary
Spaladin	p	hr,sr,bs	Spàladin	-	-	HJP
Spinčić	p	hr,sr,bs	Spȋnčić	-	-	HJP
Spiridon	m	hr,sr,bs	Spìridon	-	-	HJP
Spiro	m	hr,sr,bs	Spíro	-	-	Vuk
Srbijanka	ž	hr,sr,bs	Srbìjānka	-	-	Vuk
Sreto	m	hr,sr,bs	Sréto	-	-	Vuk
Srnec	p	hr,sr,bs	Sŕnec	-	-	HJP
Stana	ž	hr,sr,bs	Stána	-	=	Wiktionary
Stanimir	m	hr,sr,bs	Stànimīr	-	-	Vuk
Stanko	m	hr,sr,bs	Stánko	-	=Stanka,Stanku	Vuk
Stanković	p	hr,sr,bs	Stánković	-	-	HJP+Wiktionary
Starčević	p	hr,sr,bs	Stárčević	-	-	HJP
Stipe	m	hr,sr,bs	Stípe	Stípe	-	Wiktionary
Stoić	p	hr,sr,bs	Stóić	-	-	Wiktionary
Stojić	p	hr,sr,bs	Stójić	-	-	Wiktionary
Stojković	p	hr,sr,bs	Stójković	-	-	Wiktionary
Stolnik	p	hr,sr,bs	Stȏlnīk	-	-	HJP
Strinić	p	hr,sr,bs	Strínić	-	-	Wiktionary
Strižić	p	hr,sr,bs	Strížić	-	-	HJP
Sudžuković	p	hr,sr,bs	Sùdžuković	-	-	Wiktionary
Suljić	p	hr,sr,bs	Súljić	-	-	Wiktionary
Svečnjak	p	hr,sr,bs	Svȇčnjāk	-	-	HJP
Tadić	p	hr,sr,bs	Tádīć	-	-	HJP+Wiktionary
Tahir	p	hr,sr,bs	Táhir	-	-	HJP
Taletović	p	hr,sr,bs	Taletóvić	-	-	Wiktionary
Tamara	ž	hr,sr,bs	Tàmara	-	-	HJP+Wiktionary
Tanhofer	p	hr,sr,bs	Tȁnhōfer	-	-	HJP
Tanković	p	hr,sr,bs	Tánković	-	-	Wiktionary
Tatomir	m	hr,sr,bs	Tȁtomīr	-	-	HJP
Teodozije	m	hr,sr,bs	Teȍdōzije	-	-	HJP
Teofan	m	hr,sr,bs	Tȅofan	-	-	HJP
Terezija	ž	hr,sr,bs	Tèrēzija	-	-	HJP
Teskeredžić	p	hr,sr,bs	Teskèredžić	-	-	Wiktionary
Tihomir	m	hr,sr,bs	Tȉhomīr	-	-	Wiktionary
Tijardović	p	hr,sr,bs	Tìjārdović	-	-	HJP
Tiljak	p	hr,sr,bs	Tíljak	-	-	HJP
Timotej	m	hr,sr,bs	Timòtej	-	-	HJP
Tin	m	hr,sr,bs	Tȋn	-	=Tina,Tinu,Tinom	Wiktionary
Tkalčić	p	hr,sr,bs	Tkȃlčić	-	-	HJP
Todosijević	p	hr,sr,bs	Todosíjević	-	-	Wiktionary
Tomo	m	hr,sr,bs	Tómo	-	-	Wiktionary
Tonko	m	hr,sr,bs	Tónko	-	-	HJP
Torbarina	p	hr,sr,bs	Torbàrina	-	-	HJP
Tot	m	hr,sr,bs	Tȏt	-	-	HJP
Tošo	m	hr,sr,bs	Tóšo	-	-	HJP
Tošović	p	hr,sr,bs	Tȏšović	-	-	Wiktionary
Triva	p	hr,sr,bs	Tríva	-	-	HJP
Trpimir	m	hr,sr,bs	Tr̀pimīr	-	-	HJP
Trumbić	p	hr,sr,bs	Trúmbić	-	-	HJP
Tugomir	m	hr,sr,bs	Tȕgomīr	-	-	Wiktionary
Ulemek	p	hr,sr,bs	Ulèmek	-	-	Wiktionary
Uzelac	p	hr,sr,bs	Uzélac	-	-	HJP
Vaić	p	hr,sr,bs	Váić	-	-	HJP
Varešak	p	hr,sr,bs	Varèšāk	-	-	Wiktionary
Vasilije	m	hr,sr,bs	Vàsīlije	-	-	Wiktionary
Vaso	m	hr,sr,bs	Váso	-	-	Wiktionary
Velimir	m	hr,sr,bs	Vȅlimīr	-	-	Wiktionary
Velimira	ž	hr	Vȅlimira	-	-	Wiktionary
Velimira	ž	sr,bs	Vȅlimira	-	-	Wiktionary	Velimira,Velimirom,Velimiru
Velizar	m	hr,sr,bs	Vèlizar	-	-	HJP
Veljko	m	hr,sr,bs	Véljko	-	-	Wiktionary
Veljković	p	hr,sr,bs	Véljković	-	-	Wiktionary
Vera	ž	hr,sr,bs	Véra	-	=	HJP
Veronika	ž	hr,sr,bs	Verònika	-	-	HJP
Vidojko	m	hr,sr,bs	Vidójko	-	-	Vuk
Vidosava	ž	hr,sr,bs	Vìdosava	-	-	Vuk
Vidrić	p	hr,sr,bs	Vídrić	-	-	HJP
Vinka	ž	hr,sr,bs	Vȋnka	-	-	Wiktionary
Vinko	m	hr,sr,bs	Vȋnko	-	-	Wiktionary
Virius	p	hr,sr,bs	Vȋrius	-	-	HJP
Visočak	p	hr,sr,bs	Visòčāk	-	-	Wiktionary
Vitić	p	hr,sr,bs	Vítić	-	-	HJP
Vito	m	hr,sr,bs	Víto	-	-	Wiktionary
Vitomir	m	hr,sr,bs	Vȉtomīr	-	-	Wiktionary
Vitruvije	m	hr,sr,bs	Vitrȗvije	-	-	HJP
Vićentije	m	hr,sr,bs	Vìćēntije	-	-	Vuk
Vladimir	m	hr,sr,bs	Vlàdimīr	-	-	Wiktionary
Vladimira	ž	hr	Vlàdimira	-	=Vladimire	Wiktionary
Vladimira	ž	sr,bs	Vlàdimira	-	=Vladimire	Wiktionary	Vladimira,Vladimirom,Vladimiru
Vlaho	m	hr,sr,bs	Vláho	-	-	HJP+Wiktionary
Vlastimir	m	hr,sr,bs	Vlàstimīr	-	-	Wiktionary
Vodopivec	p	hr,sr,bs	Vodopívec	-	-	HJP
Vogrinec	p	hr,sr,bs	Vogrínec	-	-	Wiktionary	Vogrinca,Vogrincem,Vogrincu
Vojnović	p	hr,sr,bs	Vójnović	-	-	HJP
Voltić	m	hr,sr,bs	Vóltić	-	-	HJP
Vončina	p	hr,sr,bs	Vónčina	-	-	HJP
Vouk	p	hr,sr,bs	Vóuk	-	-	HJP
Vramec	p	hr,sr,bs	Vrámec	-	-	HJP
Vranicki	p	hr,sr,bs	Vranìckī	-	-	HJP
Vraz	p	hr,sr,bs	Vrȃz	-	-	HJP
Vrsaljko	p	hr,sr,bs	Vrsáljko	-	-	Wiktionary
Vuger	p	hr,sr,bs	Vúger	-	-	Wiktionary
Vujić	p	hr,sr,bs	Vújić	-	-	Wiktionary
Vuk	m	hr,sr,bs	Vȗk	-	=Vuk,Vuka,Vuku	Wiktionary
Vukac	m	hr,sr,bs	Vúkac	-	-	Wiktionary	Vukca,Vukcem,Vukcu
Zadro	p	hr,sr,bs	Zádro	-	-	HJP+Wiktionary
Zdenko	m	hr,sr,bs	Zdénko	-	-	Wiktionary
Zdravko	m	hr,sr,bs	Zdrávko	-	-	Wiktionary
Zelić	p	hr,sr,bs	Zélić	-	-	Wiktionary
Zlata	ž	hr,sr,bs	Zlȃta	-	=Zlata,Zlatu,Zlatom	Wiktionary
Zlatomir	m	hr,sr,bs	Zlȁtomīr	-	-	Wiktionary
Zorić	p	hr,sr,bs	Zórić	-	-	Wiktionary
Zrinka	ž	hr,sr,bs	Zrȋnka	-	-	Wiktionary
Zrinko	m	hr,sr,bs	Zrȋnko	-	-	Wiktionary
Zukić	p	hr,sr,bs	Zúkić	-	-	Wiktionary
Ćorić	p	hr,sr,bs	Ćórić	-	-	Wiktionary
Ćupović	p	hr,sr,bs	Ćúpović	-	-	Wiktionary
Ćurčić	p	hr,sr,bs	Ćúrčić	-	-	HJP
Čavić	p	hr,sr,bs	Čávić	-	-	Wiktionary
Čedomir	m	hr,sr,bs	Čèdomir	-	-	Wiktionary
Čelebić	p	hr,sr,bs	Čelèbīć	-	-	Wiktionary
Črnko	p	hr,sr,bs	Čŕnko	-	-	HJP
Čuljak	p	hr,sr,bs	Čúljak	-	-	Wiktionary
Čutura	p	hr,sr,bs	Čùtura	-	-	Wiktionary
Đivo	m	hr,sr,bs	Đívo	-	-	Wiktionary
Đorđe	m	hr,sr,bs	Đȏrđe	-	-	Wiktionary
Đorđević	p	hr,sr,bs	Đórđević	-	-	Wiktionary
Đura	m	hr,sr,bs	Đúra	-	-	Vuk
Đuro	m	hr,sr,bs	Đúro	-	-	Wiktionary
Đurđević	p	hr,sr,bs	Đȗrđević	-	-	HJP
Đurđija	ž	hr,sr,bs	Đùrđija	-	-	Wiktionary
Šamija	p	hr,sr,bs	Šámija	-	-	Wiktionary
Šantić	p	hr,sr,bs	Šántić	-	-	HJP+Wiktionary
Šarić	p	hr,sr,bs	Šárić	-	-	Wiktionary
Šarčević	p	hr,sr,bs	Šárčević	-	-	Wiktionary
Šegedin	p	hr,sr,bs	Šȅgedīn	-	-	HJP
Šehić	p	hr,sr,bs	Šéhić	-	-	Wiktionary
Šekularac	p	hr,sr,bs	Šekulárac	-	-	Vuk
Šenoa	p	hr,sr,bs	Šénoa	-	-	HJP
Šestić	p	hr,sr,bs	Šéstić	-	-	HJP
Šime	m	hr,sr,bs	Šíme	Šíme	-	Wiktionary
Šimić	p	hr,sr,bs	Šímić	-	-	HJP
Šinko	p	hr,sr,bs	Šínko	-	-	HJP
Šišić	p	hr,sr,bs	Šíšić	-	-	HJP
Špiro	m	hr,sr,bs	Špíro	-	-	HJP+Wiktionary
Šrabec	p	hr,sr,bs	Šrábec	-	-	HJP
Štef	m	hr,sr,bs	Štȇf	-	-	HJP+Wiktionary
Štefanec	m	hr,sr,bs	Štefánec	-	-	HJP
Štefanija	ž	hr,sr,bs	Štefánija	-	-	Wiktionary
Štimac	p	hr,sr,bs	Štímac	-	-	Wiktionary
Švelec	p	hr,sr,bs	Švélec	-	-	HJP
Žaklina	ž	hr,sr,bs	Žaklína	-	-	Wiktionary
Žarić	p	hr,sr,bs	Žárić	-	-	Wiktionary
Žarko	m	hr,sr,bs	Žárko	-	-	Wiktionary
Žedrinski	p	hr,sr,bs	Žedrìnskī	-	-	HJP
Želimir	m	hr,sr,bs	Žȅlimīr	-	-	Wiktionary
Željka	ž	hr,sr,bs	Žȇljka	-	-	Wiktionary
Željko	m	hr,sr,bs	Žȇljko	-	-	Wiktionary
Žepić	p	hr,sr,bs	Žépić	-	-	Wiktionary
Živko	m	hr,sr,bs	Žȋvko	-	-	Wiktionary
Živković	p	hr,sr,bs	Žívković	-	-	HJP+Wiktionary
