# name	country	langs	nominative	genitive	dl	gender	number	mid	source	[without]
Adamovec	HR	hr,sr,bs	Adámovec	Adámovca	-	m	-	-	HJP
Adžamovci	HR	hr,sr,bs	Adžámovci	-	-	m	pl	-	HJP
Aljmaš	HR	hr,sr,bs	Àljmaš	-	-	m	-	-	HJP
Andraševec	HR	hr,sr,bs	Andráševec	-	-	m	-	-	HJP
Andrijaševci	HR	hr,sr,bs	Andrijáševci	-	-	m	pl	-	HJP
Antin	HR	hr,sr,bs	Àntīn	Antína	-	m	-	-	HJP
Antunovac	HR	hr,sr,bs	Antúnovac	Antúnōvca	-	m	-	-	HJP
Arbanija	HR	hr,sr,bs	Àrbanija	-	-	ž	-	-	HJP
Aržano	HR	hr,sr,bs	Aržàno	-	-	m	-	-	HJP
Babina Greda	HR	hr,sr,bs	Bȁbina Gréda	-	-	ž	-	=	HJP
Banjole	HR	hr,sr,bs	Banjóle	-	-	m	-	-	HJP
Banova Jaruga	HR	hr,sr,bs	Bánovā Jàruga	-	-	ž	-	-	HJP
Banovina	HR	hr,sr,bs	Bánovina	-	-	ž	-	-	HJP
Barbat	HR	hr,sr,bs	Bàrbat	-	-	m	-	-	HJP
Bartolovci	HR	hr,sr,bs	Bartólovci	-	-	m	pl	-	HJP
Bartolovec	HR	hr,sr,bs	Bartòlovec	-	-	m	-	-	HJP
Baška Voda	HR	hr,sr,bs	Bȃškā Vòda	Bȃškē Vòdē	Bȃškōj	ž	-	=	HJP	Voda,Vode,Vodi,Vodom,Vodu
Bedekovčina	HR	hr,sr,bs	Bedékovčina	-	-	ž	-	-	HJP
Bedenec	HR	hr,sr,bs	Bedénec	Bedénca	-	m	-	-	HJP
Bedenica	HR	hr,sr,bs	Bedènica	-	-	ž	-	-	HJP
Bedenik	HR	hr,sr,bs	Bedènīk	Bedeníka	-	m	-	-	HJP
Beketinci	HR	hr,sr,bs	Bèketinci	-	-	m	pl	-	HJP
Beletinec	HR	hr,sr,bs	Beletínec	Beletínca	-	m	-	-	HJP
Belica	HR	sr	Bèlica	-	-	ž	-	-	HJP
Beničanci	HR	hr,sr,bs	Beničánci	-	-	m	pl	-	HJP
Benkovac	HR	hr,sr,bs	Bénkovac	Bénkōvca	-	m	-	-	HJP
Beram	HR	hr,sr,bs	Béram	-	-	m	-	-	HJP
Beretinec	HR	hr,sr,bs	Beretínec	Beretínca	-	m	-	-	HJP
Bestovje	HR	hr,sr,bs	Bestòvje	-	-	sr	-	-	HJP
Bicko Selo	HR	hr,sr,bs	Bȋckō Sèlo	-	-	sr	-	=	HJP	Sela,Selo,Selom,Selu
Bilišane	HR	hr,sr,bs	Bilíšane	-	-	ž	pl	-	HJP
Biograd na Moru	HR	hr,sr,bs	Bȉogrād na Móru	-	-	m	-	-	HJP
Bistrinci	HR	hr,sr,bs	Bistrínci	-	-	m	pl	-	HJP
Bjelina	HR	hr,sr,bs	Bjèlina	-	-	ž	-	=	HJP
Blaca	HR	hr,sr,bs	Blȁca	Blatáca	-	ž	-	-	HJP
Blinjski Kut	HR	hr,sr,bs	Blìnjskī Kȗt	-	-	m	-	=	HJP	Kut,Kuta,Kutom,Kutu
Bocanjevci	HR	hr,sr,bs	Bocánjevci	-	-	m	pl	-	HJP
Bolman	HR	hr,sr,bs	Bȏlman	-	-	m	-	-	HJP
Borovo	HR	hr,sr,bs	Bȏrovo	-	-	sr	-	-	HJP
Bosiljevo	HR	hr,sr,bs	Bosíljevo	-	-	sr	-	-	Wiktionary
Brač	HR	hr,sr,bs	Brȃč	Bráča	-	m	-	-	HJP
Brckovljani	HR	hr,sr,bs	Bȑckovljani	-	-	m	pl	-	HJP
Bregana	HR	hr,sr,bs	Bregàna	-	-	ž	-	-	HJP
Bregi	HR	hr,sr,bs	Brȇgi	-	-	m	pl	=	HJP
Bregi Radobojski	HR	hr,sr,bs	Brȇgi Radobòjskī	-	-	m	pl	=	HJP
Brela	HR	hr,sr,bs	Bréla	-	-	sr	pl	-	HJP
Brestača	HR	hr,sr,bs	Brèstača	-	-	ž	-	-	HJP
Brezje	HR	hr,sr,bs	Brȇzje	-	-	sr	-	=	HJP
Breznica	HR	hr,sr,bs	Bréznica	-	-	ž	-	-	HJP
Brist	HR	hr,sr,bs	Brȋst	-	-	m	-	-	HJP
Brodski Varoš	HR	hr,sr,bs	Bròdskī Vároš	-	-	m	-	=	HJP	Brodski,Brodskim,Brodskog,Brodskoga,Brodskom,Brodskome
Broćanac	HR	hr,sr,bs	Bròćanac	-	-	m	-	-	Wiktionary
Bršadin	HR	hr,sr,bs	Bršàdīn	Bršadína	-	m	-	-	HJP
Budančevica	HR	hr,sr,bs	Budànčevica	-	-	ž	-	-	HJP
Budaševo	HR	hr,sr,bs	Bùdaševo	-	-	sr	-	-	HJP
Bunjani	HR	hr,sr,bs	Búnjani	-	-	m	pl	-	HJP
Buzdohanj	HR	hr,sr,bs	Buzdòhanj	-	-	m	-	-	HJP
Bušetina	HR	hr,sr,bs	Bùšetina	-	-	ž	-	-	HJP
Buševec	HR	hr,sr,bs	Búševec	Búševca	-	m	-	-	HJP
Carevdar	HR	hr,sr,bs	Càrevdār	-	-	m	-	-	HJP
Cavtat	HR	hr,sr,bs	Càvtat	-	-	m	-	-	HJP
Cernik	HR	hr,sr,bs	Cȇrnik	-	-	m	-	-	HJP
Cetingrad	HR	hr,sr,bs	Cètingrād	-	-	m	-	-	HJP
Civljane	HR	hr,sr,bs	Cívljane	-	-	sr	-	-	HJP
Cubinec	HR	hr,sr,bs	Cubínec	Cubínca	-	m	-	-	HJP
Cvetković	HR	hr,sr,bs	Cvȅtković	-	-	m	-	-	HJP
Cvitović	HR	hr,sr,bs	Cvȉtović	-	-	m	-	-	HJP
Darda	HR	hr,sr,bs	Dȃrda	-	-	ž	-	=	HJP
Daruvar	HR	hr,sr,bs	Dȁruvār	-	-	m	-	-	HJP
Delnice	HR	hr,sr,bs	Délnice	Délnīcā	-	ž	pl	-	HJP
Dežanovac	HR	hr,sr,bs	Dežánovac	Dežánōvca	-	m	-	-	HJP
Dinara	HR	hr,sr,bs	Dìnara	-	-	ž	-	=	HJP
Doljani	HR	hr,sr,bs	Dóljani	-	-	m	pl	-	HJP
Donji Daruvar	HR	hr,sr,bs	Dȏnjī Dȁruvār	-	-	m	-	-	HJP
Donji Miholjac	HR	hr,sr,bs	Dȏnjī Mihóljac	-	-	m	-	-	HJP
Drava	HR	hr,sr,bs	Dráva	-	-	ž	-	-	HJP
Drniš	HR	hr,sr,bs	Dr̀nīš	Drníša	-	m	-	-	HJP
Duga Resa	HR	hr,sr,bs	Dȕgā Résa	-	-	ž	-	=	HJP
Eminovci	HR	hr,sr,bs	Emínovci	Emínovācā	-	m	pl	-	HJP
Erdelj	HR	hr,sr,bs	Èrdēlj	Erdélja	-	m	-	-	HJP
Erdut	HR	hr,sr,bs	Èrdūt	Erdúta	-	m	-	-	HJP
Ervenik	HR	hr,sr,bs	Ervènīk	Erveníka	-	m	-	-	HJP
Farkaševac	HR	hr,sr,bs	Farkáševac	-	-	m	-	-	Wiktionary
Fažana	HR	hr,sr,bs	Fažàna	-	-	ž	-	-	HJP
Ferdinandovac	HR	hr,sr,bs	Ferdinàndovac	-	-	m	-	-	HJP
Feričanci	HR	hr,sr,bs	Feričánci	-	-	m	pl	-	HJP
Filipini	HR	hr,sr,bs	Filipíni	-	-	m	pl	=	HJP
Forkuševci	HR	hr,sr,bs	Forkúšēvci	-	-	m	pl	-	HJP
Funtana	HR	hr,sr,bs	Funtána	-	-	ž	-	-	HJP
Gaboš	HR	hr,sr,bs	Gȃboš	-	-	m	-	-	HJP
Gacka	HR	hr,sr,bs	Gȃcka	-	-	ž	-	-	HJP
Galgovo	HR	hr,sr,bs	Gȃlgovo	-	-	sr	-	-	HJP
Gardinovec	HR	hr,sr,bs	Gardínovec	Gardínōvca	-	m	-	-	HJP
Garešnički Brestovac	HR	hr,sr,bs	Gàrešničkī Brèstovac	-	-	m	-	-	HJP
Garčin	HR	hr,sr,bs	Gàrčīn	Garčína	-	m	-	-	HJP
Generalski Stol	HR	hr,sr,bs	Genèrālskī Stȏl	-	-	m	-	=	HJP	Stol,Stola,Stolom,Stolu
Glavice	HR	hr,sr,bs	Glàvice	-	-	ž	pl	-	HJP
Glavina Donja	HR	hr,sr,bs	Glàvina Dȏnjā	-	-	ž	-	-	HJP
Gljev	HR	hr,sr,bs	Gljȇv	-	-	m	-	-	HJP
Globočec	HR	hr,sr,bs	Globòčec	Globòčca	-	m	-	-	HJP
Gojanec	HR	hr,sr,bs	Gojánec	Gojánca	-	m	-	-	HJP
Golubići	HR	hr,sr,bs	Golùbići	-	-	m	pl	-	HJP
Goričan	HR	hr,sr,bs	Gòričan	-	-	m	-	-	HJP
Gornja Vrba	HR	hr,sr,bs	Gȏrnjā Vŕba	-	-	ž	-	-	HJP
Gornje Bazje	HR	hr,sr,bs	Gȏrnjē Bȃzje	-	-	sr	-	-	HJP
Gornje Biljane	HR	hr,sr,bs	Gȏrnjē Bíljane	-	-	sr	-	-	HJP
Gornje Ladanje	HR	hr,sr,bs	Gȏrnjē Ládānje	-	-	sr	-	-	HJP
Gornje Raštane	HR	hr,sr,bs	Gȏrnjē Ráštane	-	-	sr	-	-	HJP
Gornji Daruvar	HR	hr,sr,bs	Gȏrnjī Dȁruvār	-	-	m	-	-	HJP
Gornji Desinec	HR	hr,sr,bs	Gȏrnjī Dèsinec	-	-	m	-	-	HJP
Gornji Kneginec	HR	hr,sr,bs	Gȏrnjī Knegínec	-	-	m	-	-	HJP
Gornji Kraljevec	HR	hr,sr,bs	Gȏrnjī Králjevec	-	-	m	-	-	HJP
Gornji Lađevac	HR	hr,sr,bs	Gȏrnjī Láđevac	-	-	m	-	-	HJP
Gornji Sjeničak	HR	hr,sr,bs	Gȏrnjī Sjenìčāk	-	-	m	-	-	HJP
Gornji Vinjani	HR	hr,sr,bs	Gȏrnjī Vínjani	-	-	m	pl	-	HJP
Gospić	HR	hr,sr,bs	Góspić	-	-	m	-	-	HJP
Gradac	HR	hr,sr,bs	Grádac	Gráca	-	m	-	=	HJP	Graca,Gracem,Gracu
Gradići	HR	hr,sr,bs	Gradíći	-	-	m	pl	=	HJP
Gračac	HR	hr,sr,bs	Gràčac	Gračàca	-	m	-	-	HJP
Greda	HR	hr,sr,bs	Gréda	-	-	ž	-	=	HJP
Gređani	HR	hr,sr,bs	Gréđani	-	-	m	pl	-	HJP
Grožnjan	HR	hr,sr,bs	Gròžnjān	Grožnjána	-	m	-	-	HJP
Gundinci	HR	hr,sr,bs	Gȕndīnci	Gȕndinācā	-	m	pl	-	HJP
Gušće	HR	hr,sr,bs	Gȗšće	Gȗšća	-	sr	-	-	HJP
Habjanovci	HR	hr,sr,bs	Habjánovci	Habjánovācā	-	m	pl	-	HJP
Herešin	HR	hr,sr,bs	Hȅrešin	-	-	m	-	-	HJP
Hodošan	HR	hr,sr,bs	Hȍdošan	-	-	m	-	-	HJP
Horvati	HR	hr,sr,bs	Horváti	Horvátā	-	m	pl	-	HJP
Hrastelnica	HR	hr,sr,bs	Hrastélnica	-	-	ž	-	-	HJP
Hrastina Samoborska	HR	hr,sr,bs	Hrástina Sȁmoborskā	-	-	ž	-	-	HJP
Hrastovica	HR	hr,sr,bs	Hrástovica	-	-	ž	-	-	HJP
Hrašće Turopoljsko	HR	hr,sr,bs	Hrȃšće Tȕropoljskō	-	-	sr	-	-	HJP
Hrženica	HR	hr,sr,bs	Hržènica	-	-	ž	-	-	HJP
Hum Bistrički	HR	hr,sr,bs	Hȗm Bȉstričkī	-	-	m	-	-	HJP
Hum na Sutli	HR	hr,sr,bs	Hȗm na Sȕtli	-	-	m	-	-	HJP
Hum Stubički	HR	hr,sr,bs	Hȗm Stȕbičkī	-	-	m	-	-	HJP
Husain	HR	hr,sr,bs	Husàīn	Husaína	-	m	-	-	HJP
Hvar	HR	hr,sr,bs	Hvȃr	Hvára	-	m	-	-	HJP
Ilača	HR	hr,sr,bs	Ìlača	-	-	ž	-	-	HJP
Ilok	HR	hr,sr,bs	Ìlok	Ilòka	-	m	-	-	HJP
Ilovik	HR	hr,sr,bs	Ilòvīk	Ilovíka	-	m	-	-	HJP
Ivanja Reka	HR	hr,sr,bs	Ìvanja Réka	-	-	ž	-	=	HJP	Reci,Reka,Reke,Reki,Rekom,Reku
Ivanovci	HR	hr,sr,bs	Ivánovci	-	-	m	pl	=	HJP
Ivanovec	HR	hr,sr,bs	Ivánovec	Ivánōvca	-	m	-	-	HJP
Ivoševci	HR	hr,sr,bs	Ivòšēvci	Ivòševācā	-	m	pl	-	HJP
Iž	HR	hr,sr,bs	Ȋž	-	-	m	-	-	HJP
Jablanac	HR	hr,sr,bs	Jȁblanac	Jȁblanca	-	m	-	=	HJP
Jablanovec	HR	hr,sr,bs	Jablánovec	Jablánōvca	-	m	-	-	HJP
Jagodnjak	HR	hr,sr,bs	Jȁgodnjāk	-	-	m	-	=	HJP
Jalkovec	HR	hr,sr,bs	Jálkovec	Jálkōvca	-	m	-	-	HJP
Jalžabet	HR	hr,sr,bs	Jȁlžabet	-	-	m	-	-	HJP
Jamnica Pisarovinska	HR	hr,sr,bs	Jȁmnica Pisàrovīnskā	-	-	ž	-	-	HJP
Jankomir	HR	hr,sr,bs	Jȁnkomīr	-	-	m	-	-	HJP
Jarmina	HR	hr,sr,bs	Jȃrmina	-	-	ž	-	-	HJP
Jasenice	HR	hr,sr,bs	Jasènice	-	-	ž	pl	-	HJP
Jasenovac	HR	hr,sr,bs	Jasènovac	Jasènōvca	-	m	-	=	HJP
Jelenje	HR	hr,sr,bs	Jelénje	-	-	sr	-	-	Wiktionary
Jelisavac	HR	hr,sr,bs	Jelìsavac	Jelìsāvca	-	m	-	-	HJP
Jelsa	HR	hr,sr,bs	Jȇlsa	-	-	ž	-	-	HJP
Jezerane	HR	hr,sr,bs	Jezeràne	Jezeránā	-	ž	pl	-	HJP
Jezerce	HR	hr,sr,bs	Jezérce	-	-	sr	-	=	HJP
Josipovac	HR	hr,sr,bs	Josípovac	Josípōvca	-	m	-	-	HJP
Jovići	HR	hr,sr,bs	Jóvići	-	-	m	pl	-	HJP
Jušići	HR	hr,sr,bs	Júšići	-	-	m	pl	-	HJP
Kadina Glavica	HR	hr,sr,bs	Kádina Glàvica	-	-	ž	-	=	HJP
Kalnik	HR	hr,sr,bs	Kȃlnīk	-	-	m	-	-	HJP
Karakašica	HR	hr,sr,bs	Karakàšica	-	-	ž	-	-	HJP
Karlobag	HR	hr,sr,bs	Karlòbāg	Karlobága	-	m	-	-	HJP
Karlovac	HR	hr,sr,bs	Kȃrlovac	Kȃrlōvca	-	m	-	-	HJP
Karlovec Ludbreški	HR	hr	Kȃrlovec Lùdbreškī	-	-	m	-	-	HJP
Karlovec Ludbreški	HR	sr,bs	Kȃrlovec Lùdbreškī	-	-	m	-	-	HJP	Karlovca,Karlovcem,Karlovcu
Kerestinec	HR	hr,sr,bs	Kerestínec	Kerestínca	-	m	-	-	HJP
Kešinci	HR	hr,sr,bs	Kèšīnci	Kèšīnācā	-	m	pl	-	HJP
Kladare	HR	hr,sr,bs	Klàdare	-	-	ž	pl	-	HJP
Klanjec	HR	hr,sr,bs	Klánjec	Klánjca	-	m	-	-	HJP
Klinča Sela	HR	hr,sr,bs	Klȋnča Sèla	-	-	sr	pl	=	HJP	Sela,Selima
Ključ Brdovečki	HR	hr,sr,bs	Kljȗč Bȑdovečkī	-	-	m	-	=	HJP	Ključ,Ključa,Ključem,Ključu
Klokočevac	HR	hr,sr,bs	Klokóčevac	Klokóčēvca	-	m	-	-	HJP
Klokočevik	HR	hr,sr,bs	Klokočèvīk	Klokočevíka	-	m	-	-	HJP
Kloštar Podravski	HR	hr,sr,bs	Klȍštar Pòdravskī	-	-	m	-	-	HJP
Kneževi Vinogradi	HR	hr,sr,bs	Knéževi Vìnogrādi	-	-	m	pl	-	HJP
Knin	HR	hr,sr,bs	Knȋn	Knína	-	m	-	-	HJP
Komin	HR	hr,sr,bs	Kòmīn	Komína	-	m	-	=	HJP
Komletinci	HR	hr,sr,bs	Kȍmletīnci	-	-	m	pl	-	HJP
Konavle	HR	hr,sr,bs	Kònāvle	Kònavālā	-	ž	pl	-	HJP
Koprivnički Bregi	HR	hr,sr,bs	Kòprīvničkī Brȇgi	-	-	m	pl	=	HJP
Koprivnički Ivanec	HR	hr,sr,bs	Kòprīvničkī Ivánec	-	-	m	-	-	HJP
Korenica	HR	hr,sr,bs	Korènica	-	-	ž	-	=	HJP
Korija	HR	hr,sr,bs	Kórija	-	-	ž	-	-	HJP
Korlat	HR	hr,sr,bs	Kòrlat	-	-	m	-	=	HJP
Kornati	HR	hr,sr,bs	Kòrnati	-	-	m	pl	-	HJP
Korčula	HR	hr,sr,bs	Kȏrčula	-	-	ž	-	-	HJP
Kostrena	HR	hr,sr,bs	Kostrèna	-	-	ž	-	-	HJP
Kotoriba	HR	hr,sr,bs	Kotòriba	-	-	ž	-	-	HJP
Kovačevac	HR	hr,sr,bs	Kováčevac	Kováčēvca	-	m	-	-	HJP
Kozarevac	HR	hr,sr,bs	Kozárevac	Kozárēvca	-	m	-	-	HJP
Kozinščak	HR	hr,sr,bs	Kozìnščāk	Kozinščáka	-	m	-	-	HJP
Košljun	HR	hr,sr,bs	Kòšljun	-	-	m	-	-	HJP
Kraljevica	HR	hr,sr,bs	Kràljevica	-	-	ž	-	-	HJP
Krivodol	HR	hr,sr,bs	Krivòdol	-	-	m	-	-	HJP
Krištanovec	HR	hr,sr,bs	Krištánovec	Krištánōvca	-	m	-	-	HJP
Križevci	HR	hr,sr,bs	Krížēvci	Krížēvācā	-	m	pl	-	HJP
Križovec	HR	hr,sr,bs	Krížovec	-	-	m	-	-	HJP
Krnjak	HR	hr,sr,bs	Kȑnjāk	-	-	m	-	=	Wiktionary
Kukunjevac	HR	hr,sr,bs	Kukúnjevac	Kukúnjēvca	-	m	-	-	HJP
Kula Norinska	HR	hr,sr,bs	Kúla Nòrīnskā	-	-	ž	-	=	Wiktionary	Kula,Kule,Kuli,Kulom,Kulu
Kunovec	HR	hr,sr,bs	Kúnovec	Kúnōvca	-	m	-	-	HJP
Kupinec	HR	hr,sr,bs	Kùpinec	Kùpīnca	-	m	-	-	HJP
Kurili	HR	hr,sr,bs	Kuríli	-	-	m	pl	-	HJP
Kuršanec	HR	hr,sr,bs	Kuršánec	Kuršánca	-	m	-	-	HJP
Kusonje	HR	hr,sr,bs	Kúsonje	-	-	ž	pl	-	HJP
Kuzminec	HR	hr,sr,bs	Kuzmínec	Kuzmínca	-	m	-	-	HJP
Kvarner	HR	hr,sr,bs	Kvàrnēr	Kvarnéra	-	m	-	-	HJP
Ladimirevci	HR	hr,sr,bs	Ladimírēvci	Ladimírēvācā	-	m	pl	-	HJP
Laslovo	HR	hr,sr,bs	Láslovo	-	-	sr	-	-	HJP
Laz Bistrički	HR	hr,sr,bs	Lȃz Bȉstričkī	-	-	m	-	=	HJP	Laz,Laza,Lazom,Lazu
Legrad	HR	hr,sr,bs	Lègrad	-	-	m	-	-	HJP
Lepoglava	HR	hr,sr,bs	Lȅpoglava	-	-	ž	-	-	HJP
Lika	HR	hr,sr,bs	Líka	-	Líci	ž	-	=	HJP
Lipik	HR	hr,sr,bs	Lìpīk	Lipíka	-	m	-	=	HJP
Lipovača	HR	hr,sr,bs	Lȉpovača	-	-	ž	-	-	HJP
Lipovljani	HR	hr,sr,bs	Lȉpovljani	-	-	m	pl	-	HJP
Ličko Lešće	HR	hr,sr,bs	Lȋčkō Lȇšće	-	-	sr	-	-	HJP
Ližnjan	HR	hr,sr,bs	Lìžnjan	Ližnjàna	-	m	-	-	HJP
Lopatinec	HR	hr,sr,bs	Lopatínec	Lopatínca	-	m	-	-	HJP
Lovinac	HR	hr,sr,bs	Lòvinac	Lòvīnca	-	m	-	-	HJP
Lovreć	HR	hr,sr,bs	Lòvrēć	Lovréća	-	m	-	-	HJP
Lošinj	HR	hr,sr,bs	Lòšīnj	Lošínja	-	m	-	-	HJP
Lukoran	HR	hr,sr,bs	Lȕkorān	-	-	m	-	-	HJP
Lupoglav	HR	hr,sr,bs	Lȕpoglav	-	-	m	-	-	HJP
Lučane	HR	hr,sr,bs	Lúčāne	-	-	ž	pl	-	HJP
Lučko	HR	hr,sr,bs	Lȗčkō	Lȗčkōga	-	sr	-	-	HJP
Luščani	HR	hr,sr,bs	Lúščani	-	-	m	pl	-	HJP
Lužani	HR	hr,sr,bs	Lúžani	-	-	m	pl	-	HJP
Malino	HR	hr,sr,bs	Malíno	-	-	sr	-	=	HJP
Marinići	HR	hr,sr,bs	Marìnići	-	-	m	pl	-	HJP
Markovac Našički	HR	hr,sr,bs	Márkovac Nȁšičkī	-	-	m	-	-	HJP
Markušbrijeg	HR	hr,sr,bs	Mȁrkušbrijēg	-	-	m	-	-	HJP
Maruševec	HR	hr,sr,bs	Marúševec	Marúšēvca	-	m	-	-	HJP
Matijevići	HR	hr,sr,bs	Matíjevići	-	-	m	pl	-	HJP
Mavrinci	HR	hr,sr,bs	Mavrínci	-	-	m	pl	-	HJP
Mačkovec	HR	hr,sr,bs	Máčkovec	Máčkōvca	-	m	-	-	HJP
Medulin	HR	hr,sr,bs	Mȅdulīn	-	-	m	-	-	HJP
Metković	HR	hr,sr,bs	Mȅtković	-	-	m	-	-	HJP
Međimurje	HR	hr,sr,bs	Međìmūrje	-	-	sr	-	-	HJP
Mihovljan	HR	hr,sr,bs	Mȉhovljan	-	-	m	-	-	HJP
Milanovac	HR	hr,sr,bs	Milánovac	Milánōvca	-	m	-	-	HJP
Milna	HR	hr,sr,bs	Mȋlna	-	-	ž	-	-	HJP
Mičevec	HR	hr,sr,bs	Míčevec	Míčēvca	-	m	-	-	HJP
Mladenići	HR	hr,sr,bs	Mladènići	-	-	m	pl	-	HJP
Molat	HR	hr,sr,bs	Mòlat	-	-	m	-	-	HJP
Molve	HR	hr,sr,bs	Mȏlve	Mȏlvī	-	ž	pl	-	HJP
Moslavina	HR	hr,sr,bs	Mòslavina	-	-	ž	-	-	HJP
Motovun	HR	hr,sr,bs	Mȍtovūn	-	-	m	-	-	HJP
Mošćenice	HR	hr,sr,bs	Mošćènice	-	-	ž	-	-	HJP
Možđenec	HR	hr,sr,bs	Možđénec	Možđénca	-	m	-	-	HJP
Mraclin	HR	hr,sr,bs	Mràclīn	Mraclína	-	m	-	-	HJP
Mravince	HR	hr,sr,bs	Mràvīnce	-	-	ž	pl	-	HJP
Mrežnica	HR	hr,sr,bs	Mréžnica	-	-	ž	-	=	Wiktionary
Mrzović	HR	hr,sr,bs	Mȑzović	-	-	m	-	-	HJP
Murter	HR	hr,sr,bs	Mùrtēr	Murtéra	-	m	-	-	HJP
Nadin	HR	hr,sr,bs	Nàdīn	Nadína	-	m	-	=	HJP
Narta	HR	hr,sr,bs	Nȃrta	-	-	ž	-	-	HJP
Nedeljanec	HR	hr,sr,bs	Nedeljánec	Nedeljánca	-	m	-	-	HJP
Neviđane	HR	hr,sr,bs	Nèviđāne	-	-	sr	pl	-	HJP
Novakovec	HR	hr,sr,bs	Novákovec	Novákōvca	-	m	-	-	HJP
Novi Jankovci	HR	hr,sr,bs	Nȍvī Jánkōvci	-	-	m	pl	-	HJP
Novi Čeminac	HR	hr,sr,bs	Nȍvī Čemínac	-	-	m	-	-	HJP
Novigrad	HR	hr,sr,bs	Nȍvigrād	-	-	m	-	-	HJP
Novo Virje	HR	hr,sr,bs	Nȍvō Vȋrje	-	-	sr	-	-	HJP
Novoselec	HR	hr,sr,bs	Novosélec	Novosélca	-	m	-	-	HJP
Novoseljani	HR	hr,sr,bs	Novòseljani	-	-	m	pl	-	HJP
Omiš	HR	hr,sr,bs	Òmīš	Omíša	-	m	-	-	HJP
Opanci	HR	hr,sr,bs	Òpānci	Òpanākā	-	m	pl	-	HJP
Oprisavci	HR	hr,sr,bs	Oprìsāvci	Oprìsavācā	-	m	pl	-	HJP
Orehovica	HR	hr,sr,bs	Oréhovica	-	-	ž	-	-	HJP
Otrovanec	HR	hr,sr,bs	Otrovánec	Otrovánca	-	m	-	-	HJP
Ovčara	HR	hr,sr,bs	Òvčara	-	-	ž	-	-	HJP
Pag	HR	hr,sr,bs	Pȃg	Pága	-	m	-	=	HJP
Paklenica	HR	hr,sr,bs	Paklènica	-	-	ž	-	-	HJP
Palagruža	HR	hr,sr,bs	Palàgrūža	-	-	ž	-	-	HJP
Palinovec	HR	hr,sr,bs	Palínovec	Palínōvca	-	m	-	-	HJP
Palovec	HR	hr,sr,bs	Pálovec	Pálōvca	-	m	-	-	HJP
Pavlovac	HR	hr,sr,bs	Pávlovac	Pávlōvca	-	m	-	=	HJP
Pavučnjak	HR	hr,sr,bs	Pȁvučnjak	-	-	m	-	-	HJP
Pačetin	HR	hr,sr,bs	Pȁčetīn	-	-	m	-	-	HJP
Peklenica	HR	hr,sr,bs	Peklènica	-	-	ž	-	-	HJP
Perna	HR	hr,sr,bs	Pȇrna	-	-	ž	-	-	HJP
Perušić	HR	hr,sr,bs	Perùšić	-	-	m	-	-	HJP
Peteranec	HR	hr,sr,bs	Peteránec	Peteránca	-	m	-	-	HJP
Petlovac	HR	hr,sr,bs	Pétlovac	Pétlōvca	-	m	-	-	HJP
Petrijanec	HR	hr,sr,bs	Petrijánec	Petrijánca	-	m	-	-	HJP
Petrovići	HR	hr,sr,bs	Pètrovići	-	-	m	pl	-	HJP
Peščenica	HR	hr,sr,bs	Peščènica	-	-	ž	-	-	HJP
Pisarovina	HR	hr,sr,bs	Pisárovina	-	-	ž	-	-	HJP
Pitomača	HR	hr,sr,bs	Pȉtomača	-	-	ž	-	-	HJP
Pješčanica	HR	hr,sr,bs	Pješčànica	-	-	ž	-	-	HJP
Plavno	HR	hr,sr,bs	Plȃvno	Plȃvnōga	-	sr	-	-	HJP
Pleternica	HR	hr,sr,bs	Pletérnica	-	-	ž	-	-	HJP
Plomin	HR	hr,sr,bs	Plòmīn	Plomína	-	m	-	-	HJP
Podgradina	HR	hr,sr,bs	Pòdgradina	-	-	ž	-	-	HJP
Podravina	HR	hr,sr,bs	Pòdravina	-	-	ž	-	-	HJP
Podstrana	HR	hr,sr,bs	Podstrána	-	-	ž	-	-	HJP
Polača	HR	hr,sr,bs	Pòlača	-	-	ž	-	=	HJP
Poljanica Bistranska	HR	hr,sr,bs	Pòljanica Bȉstranskā	-	-	ž	-	-	HJP
Poljica	HR	hr,sr,bs	Poljíca	-	-	sr	pl	-	HJP
Ponikvari	HR	hr,sr,bs	Pònikvāri	-	-	m	pl	-	HJP
Popovača	HR	hr,sr,bs	Pòpovača	-	-	ž	-	-	HJP
Posavina	HR	hr,sr,bs	Pȍsavina	-	-	ž	-	-	HJP
Posavski Bregi	HR	hr,sr,bs	Pòsavskī Brȇgi	-	-	m	pl	=	HJP
Postira	HR	hr,sr,bs	Pòstira	-	-	sr	pl	-	HJP
Povlja	HR	hr,sr,bs	Pȏvlja	Pȍvāljā	-	sr	pl	-	HJP
Povljana	HR	hr,sr,bs	Povljàna	-	-	ž	-	-	HJP
Poznanovec	HR	hr,sr,bs	Poznánovec	Poznánōvca	-	m	-	-	HJP
Praputnjak	HR	hr,sr,bs	Pràputnjāk	-	-	m	-	-	HJP
Predavac	HR	hr,sr,bs	Predávac	Predávca	-	m	-	-	HJP
Prelog	HR	hr,sr,bs	Prélog	-	-	m	-	-	HJP
Presečno	HR	hr,sr,bs	Presèčno	Presèčnōga	-	sr	-	-	HJP
Prezid	HR	hr,sr,bs	Prézid	-	-	m	-	=	HJP
Pribislavec	HR	hr,sr,bs	Pribislávec	Pribislávca	-	m	-	-	HJP
Prigorec	HR	hr,sr,bs	Prígorec	Prígōrca	-	m	-	-	HJP
Prkovci	HR	hr,sr,bs	Pȓkovci	-	-	m	pl	-	HJP
Prugovac	HR	hr,sr,bs	Prȗgovac	Prȗgōvca	-	m	-	-	HJP
Prvča	HR	hr,sr,bs	Pȓvča	-	-	ž	-	-	HJP
Psunj	HR	hr,sr,bs	Psȗnj	-	-	m	-	-	HJP
Pula	HR	hr,sr,bs	Púla	-	-	ž	-	-	HJP
Punat	HR	hr,sr,bs	Pȕnat	Pȗnta	-	m	-	=	HJP
Rab	HR	hr,sr,bs	Rȃb	Rába	-	m	-	=	HJP
Radovin	HR	hr,sr,bs	Ràdovīn	-	-	m	-	-	HJP
Rajić	HR	hr,sr,bs	Rájić	Rájića	-	m	-	-	HJP
Raštević	HR	hr,sr,bs	Raštèvīć	Raštevíća	-	m	-	-	HJP
Remetinec	HR	hr,sr,bs	Remetínec	Remetínca	-	m	-	-	HJP
Rizvanuša	HR	hr,sr,bs	Rizvànuša	-	-	ž	-	-	HJP
Rogotin	HR	hr,sr,bs	Rògōtin	-	-	m	-	-	HJP
Rovinj	HR	hr,sr,bs	Ròvīnj	Rovínja	-	m	-	-	HJP
Rude	HR	hr,sr,bs	Rúde	Rúdā	-	ž	pl	=	HJP
Rukavac	HR	hr,sr,bs	Rukávac	Rukávca	-	m	-	=	HJP
Runović	HR	hr,sr,bs	Rúnović	-	-	m	pl	-	HJP
Rušani	HR	hr,sr,bs	Rúšani	-	-	m	pl	-	HJP
Saborsko	HR	hr,sr,bs	Sȃborsko	Sáborskōga	-	sr	-	-	HJP
Sarvaš	HR	hr,sr,bs	Sȁrvāš	-	-	m	-	-	HJP
Selca	HR	hr,sr,bs	Sélca	Sȇlācā	-	sr	pl	-	HJP
Selnica	HR	hr,sr,bs	Sélnica	-	-	ž	-	-	HJP
Semeljci	HR	hr,sr,bs	Seméljci	Sèmēljācā	-	m	pl	-	HJP
Severin	HR	hr,sr,bs	Sèverin	-	-	m	-	-	HJP
Sinac	HR	hr,sr,bs	Sínac	Sínca	-	m	-	-	HJP
Sinj	HR	hr,sr,bs	Sȋnj	Sínja	-	m	-	-	HJP+Wiktionary
Sisak	HR	hr,sr,bs	Sísak	Síska	-	m	-	-	HJP
Sjeničak Lasinjski	HR	hr,sr,bs	Sjenìčāk Làsīnjskī	-	-	m	-	-	HJP
Skradin	HR	hr,sr,bs	Skràdīn	Skradína	-	m	-	-	HJP
Slakovci	HR	hr,sr,bs	Slákōvci	Slákovācā	-	m	pl	-	HJP
Slavonski Brod	HR	hr,sr,bs	Slàvōnskī Brȏd	-	-	m	-	=	HJP
Slavonski Kobaš	HR	hr,sr,bs	Slàvōnskī Kòbāš	-	-	m	-	-	HJP
Slivnica	HR	hr,sr,bs	Slívnica	-	-	ž	-	=	HJP
Slivno	HR	hr,sr,bs	Slívno	Slívna	-	sr	-	-	HJP
Smiljan	HR	hr,sr,bs	Smìljān	Smiljána	-	m	-	-	HJP	Smiljana
Smilčić	HR	hr,sr,bs	Smȋlčić	-	-	m	-	-	HJP
Smoković	HR	hr,sr,bs	Smokòvīć	-	-	m	-	-	HJP
Sokolovac	HR	hr,sr,bs	Sokólovac	Sokólōvca	-	m	-	-	HJP
Solin	HR	hr,sr,bs	Sòlīn	Solína	-	m	-	-	HJP
Soljani	HR	hr,sr,bs	Sóljani	Sóljānā	-	m	pl	-	HJP
Sonković	HR	hr,sr,bs	Sonkòvīć	-	-	m	-	-	HJP
Sopje	HR	hr,sr,bs	Sȏpje	-	-	sr	-	-	Wiktionary
Sotin	HR	hr,sr,bs	Sòtīn	Sotína	-	m	-	-	HJP
Sračinec	HR	hr,sr,bs	Srȁčinec	Srȁčīnca	-	m	-	-	HJP
Srijem	HR	hr,sr,bs	Srijȇm	Srijéma	-	m	-	-	HJP
Srijemske Laze	HR	hr,sr,bs	Srijȇmskē Lȃze	-	-	ž	pl	=	HJP	Laza,Lazama,Laze
Stankovci	HR	hr,sr,bs	Stánkovci	-	-	m	pl	-	HJP
Stančići	HR	hr,sr,bs	Stȃnčići	-	-	m	-	-	HJP
Stari Jankovci	HR	hr,sr,bs	Stȃrī Jánkōvci	-	-	m	pl	-	HJP
Stari Perkovci	HR	hr,sr,bs	Stȃrī Pérkōvci	-	-	m	pl	-	HJP
Starigrad	HR	hr,sr,bs	Stàrigrād	-	-	m	-	-	HJP
Stobreč	HR	hr,sr,bs	Stòbrēč	Stobréča	-	m	-	-	HJP
Strahoninec	HR	hr,sr,bs	Strahonínec	Strahonínca	-	m	-	-	HJP
Strelečko	HR	hr,sr,bs	Strelèčkō	Strelèčkōga	-	sr	-	-	HJP
Strošinci	HR	hr,sr,bs	Stròšīnci	-	-	m	pl	-	HJP
Stružec	HR	hr,sr,bs	Strúžec	Strúšca	-	m	-	-	HJP
Studenci	HR	hr,sr,bs	Stùdēnci	Stùdēnācā	-	m	pl	-	HJP
Suhovare	HR	hr,sr,bs	Suhòvare	-	-	ž	pl	-	HJP
Sumartin	HR	hr,sr,bs	Sȕmartin	-	-	m	-	-	HJP
Supetar	HR	hr,sr,bs	Sùpetar	Sùpetra	-	m	-	-	HJP
Susak	HR	hr,sr,bs	Súsak	Súska	-	m	-	-	HJP
Sutivanac	HR	hr,sr,bs	Sutivánac	-	-	m	-	-	HJP
Svib	HR	hr,sr,bs	Svȋb	-	-	m	-	=	HJP
Svibovec Podravski	HR	hr,sr,bs	Svȋbovec Pòdravskī	-	-	m	-	-	HJP
Svinjarevci	HR	hr,sr,bs	Svinjárevci	Svinjárevācā	-	m	pl	-	HJP
Tinj	HR	hr,sr,bs	Tȋnj	-	-	m	-	-	HJP
Tisno	HR	hr,sr,bs	Tȋsnō	Tȋsna	-	sr	-	-	HJP
Topolovac	HR	hr,sr,bs	Topólovac	Topólōvca	-	m	-	-	HJP
Tordinci	HR	hr,sr,bs	Tòrdīnci	Tòrdīnācā	-	m	pl	-	HJP
Trakošćan	HR	hr,sr,bs	Trȁkošćan	-	-	m	-	-	HJP
Tribunj	HR	hr,sr,bs	Trìbūnj	Tribúnja	-	m	-	-	HJP
Trilj	HR	hr,sr,bs	Trȋlj	-	-	m	-	-	HJP
Trnavac	HR	hr,sr,bs	Trnávac	-	-	m	-	-	HJP
Trnovec Bartolovečki	HR	hr,sr,bs	Tr̀novec Bartolovèčkī	-	-	m	-	-	Wiktionary
Trpanj	HR	hr,sr,bs	Tȓpanj	Tȓpnja	-	m	-	-	HJP
Tugonica	HR	hr,sr,bs	Tùgonica	-	-	ž	-	-	HJP
Turanj	HR	hr,sr,bs	Tȗranj	Tȗrnja	-	m	-	=	HJP
Turanovac	HR	hr,sr,bs	Turánovac	Turánōvca	-	m	-	-	HJP
Turjaci	HR	hr,sr,bs	Turjáci	-	-	m	pl	-	HJP
Valpovo	HR	hr,sr,bs	Vȃlpovo	-	-	sr	-	-	HJP
Varaždin Breg	HR	hr,sr,bs	Vȁraždīn Brȇg	-	-	m	-	=	HJP
Varaždinske Toplice	HR	hr,sr,bs	Vȁraždīnskē Tòplice	-	-	ž	pl	=	HJP
Vardarac	HR	hr,sr,bs	Vardárac	Vardárca	-	m	-	-	HJP
Vedrine	HR	hr,sr,bs	Vèdrine	-	-	ž	pl	-	HJP
Vela Luka	HR	hr,sr,bs	Vèlā Lúka	-	Vèlōj	ž	-	=	HJP	Luci,Luka,Luke,Luki,Lukom,Luku
Velebit	HR	hr,sr,bs	Velèbit	-	-	m	-	-	HJP
Veleševec	HR	hr,sr,bs	Veléševec	Veléšēvca	-	m	-	-	HJP
Veliki Zdenci	HR	hr,sr,bs	Vȅlikī Zdénci	-	-	m	pl	-	HJP	Zdenaca
Veliko Trojstvo	HR	hr,sr,bs	Vȅlikō Trójstvo	-	-	sr	-	=	HJP
Velimirovac	HR	hr,sr,bs	Velimírovac	Velimírōvca	-	m	-	-	HJP
Veprinac	HR	hr,sr,bs	Vèprinac	Vèprīnca	-	m	-	=	HJP
Vinež	HR	hr,sr,bs	Vìnēž	Vinéža	-	m	-	-	HJP
Vinine	HR	hr,sr,bs	Vìnine	-	-	sr	-	-	Wiktionary
Vinkovci	HR	hr,sr,bs	Vȋnkōvci	Vȋnkovācā	-	m	pl	-	HJP
Virje	HR	hr,sr,bs	Vȋrje	-	-	sr	-	-	HJP
Vodnjan	HR	hr,sr,bs	Vòdnjan	Vodnjàna	-	m	-	-	HJP
Voloder	HR	hr,sr,bs	Vòloder	-	-	m	-	-	HJP
Voćin	HR	hr,sr,bs	Vòćīn	Voćína	-	m	-	-	HJP
Vođinci	HR	hr,sr,bs	Vòđīnci	Vòđinācā	-	m	pl	-	HJP
Vratišinec	HR	hr,sr,bs	Vratišínec	Vratišínca	-	m	-	-	HJP
Vrbanovec	HR	hr,sr,bs	Vrbánovec	Vrbánōvca	-	m	-	-	HJP
Vrbovljani	HR	hr,sr,bs	Vȑbovljāni	-	-	m	pl	-	HJP
Vrgada	HR	hr,sr,bs	Vr̀gāda	-	-	ž	-	-	HJP
Vrsi	HR	hr,sr,bs	Vȑsi	Vȓsā	-	m	pl	-	HJP
Vukosavljevica	HR	hr,sr,bs	Vukosávljevica	-	-	ž	-	-	HJP
Vukovina	HR	hr,sr,bs	Vukòvina	-	-	ž	-	-	HJP
Vučetinec	HR	hr,sr,bs	Vučetínec	Vučetínca	-	m	-	-	HJP
Zadvarje	HR	hr,sr,bs	Zádvārje	-	-	sr	-	-	Wiktionary
Zadvorsko	HR	hr,sr,bs	Zádvōrskō	Zȁdvorskōga	-	sr	-	-	HJP
Zagorska Sela	HR	hr,sr,bs	Zágorska Sȅla	-	-	ž	-	=	Wiktionary	Sela,Sele,Seli,Selom,Selu
Zalužnica	HR	hr,sr,bs	Zálužnica	-	-	ž	-	-	HJP
Zaprešić	HR	hr,sr,bs	Záprešić	-	-	m	-	-	HJP
Zaton	HR	hr,sr,bs	Záton	-	-	m	-	=	HJP
Zdenci	HR	hr,sr,bs	Zdénci	Zdȇnācā	-	m	pl	-	HJP
Zemunik Donji	HR	hr,sr,bs	Zemùnīk Dȏnjī	-	-	m	-	-	HJP
Zemunik Gornji	HR	hr,sr,bs	Zemùnīk Gȏrnjī	-	-	m	-	-	HJP
Zmijavci	HR	hr,sr,bs	Zmíjāvci	Zmíjavācā	-	m	pl	-	HJP
Zoljan	HR	hr,sr,bs	Zòljān	Zoljána	-	m	-	-	HJP
Zrin	HR	hr,sr,bs	Zrȋn	-	-	m	-	-	HJP
Zrinski Topolovac	HR	hr	Zrȋnskī Topólovac	-	-	m	-	-	Wiktionary
Zrinski Topolovac	HR	sr,bs	Zrȋnskī Topólovac	-	-	m	-	-	Wiktionary	Topolovca,Topolovcem,Topolovcu
Zvekovica	HR	hr,sr,bs	Zvȇkovica	-	-	ž	-	-	HJP
Čajkovci	HR	hr,sr,bs	Čȃjkōvci	Čȃjkovācā	-	m	pl	-	HJP
Čakovci	HR	hr,sr,bs	Čákōvci	Čákovācā	-	m	pl	-	HJP
Čalinec	HR	hr,sr,bs	Čalínec	Čalínca	-	m	-	-	HJP
Čavle	HR	hr,sr,bs	Čȃvle	Čȁvālā	-	ž	pl	=	HJP
Čačinci	HR	hr,sr,bs	Čàčīnci	Čàčinācā	-	m	pl	-	HJP
Čemernica	HR	hr,sr,bs	Čèmērnica	-	-	ž	-	-	HJP
Čepin	HR	hr,sr,bs	Čèpīn	Čepína	-	m	-	-	HJP
Četvrtkovac	HR	hr,sr,bs	Četvŕtkovac	Četvŕtkōvca	-	m	-	-	HJP
Črnkovci	HR	hr,sr,bs	Čŕnkovci	Čŕnkovācā	-	m	pl	-	HJP
Đurđevac	HR	hr,sr,bs	Đȗrđevac	Đȗrđevca	-	m	-	-	HJP
Šarengrad	HR	hr,sr,bs	Šàrengrād	-	-	m	-	-	HJP
Šaš	HR	hr,sr,bs	Šȃš	Šáša	-	m	-	=	HJP
Šenkovec	HR	hr,sr,bs	Šénkovec	Šénkōvca	-	m	-	-	HJP
Škarićevo	HR	hr,sr,bs	Škárićevo	-	-	sr	-	-	HJP
Šolta	HR	hr,sr,bs	Šȏlta	-	-	ž	-	-	HJP
Štefanec	HR	hr,sr,bs	Štefánec	Štefánca	-	m	-	-	HJP
Šumarina	HR	hr,sr,bs	Šumàrina	-	-	ž	-	-	HJP
Žagrović	HR	hr,sr,bs	Žagròvić	-	-	m	-	-	HJP
Žarovnica	HR	hr,sr,bs	Žaróvnica	-	-	ž	-	-	HJP
Žirje	HR	hr,sr,bs	Žȋrje	-	-	sr	-	-	HJP
Živogošće	HR	hr,sr,bs	Živògošće	-	-	sr	-	-	HJP
Žminj	HR	hr,sr,bs	Žmȋnj	Žmínja	-	m	-	-	HJP
Žrnovnica	HR	hr,sr,bs	Žr̀novnica	-	-	ž	-	-	HJP
Aleksandrovac	RS	hr,sr,bs	Aleksándrovac	-	-	m	-	-	Wiktionary
Aleksinac	RS	hr,sr,bs	Àleksinac	Àleksīnca	-	m	-	-	Wiktionary+Vuk
Alpe	SI	hr,sr,bs	Ȃlpe	-	-	ž	pl	=	HJP
Banja Luka	BA	hr,sr,bs	Bànja Lúka	Bànje Lúke	Banjalúci	ž	-	=	HJP	Banja,Banje,Banjoj,Banjom,Banju,Luci,Luka,Luke,Lukom,Luku
Banjaluka	BA	hr	Banjalúka	Banjalúke	Banjalúci	ž	-	-	HJP
Banjaluka	BA	sr,bs	Banjalúka	Banjalúke	-	ž	-	-	Wiktionary+HJP
Banovići	BA	hr,sr,bs	Bȃnovići	-	-	m	pl	-	HJP
Bar	ME	hr,sr,bs	Bȃr	Bára	-	m	-	=	HJP+Wiktionary
Bačka	RS	hr,sr,bs	Bȃčka	-	Bȃčkoj	ž	-	-	HJP
Bešenovo	RS	hr,sr,bs	Bešènovo	-	-	sr	-	-	Vuk
Bihać	BA	hr,sr,bs	Bìhāć	Biháća	-	m	-	-	HJP+Wiktionary
Bjelasica	ME	hr,sr,bs	Bjelàsica	Bjelàsicē	-	ž	-	-	Wiktionary
Bor	RS	hr,sr,bs	Bȏr	-	-	m	-	=	HJP	Bora
Borča	RS	hr,sr,bs	Bȏrča	-	-	ž	-	-	Vuk
Bosanska Krupa	BA	hr,sr,bs	Bòsānskā Krúpa	-	-	ž	-	-	HJP
Budva	ME	sr,bs	Bȗdva	Bȗdvē	-	ž	-	-	Wiktionary
Busovača	BA	hr,sr,bs	Bùsovača	-	-	ž	-	-	Vuk
Ceklin	ME	hr,sr,bs	Cèklīn	Ceklína	-	m	-	-	Vuk
Crnogorac	ME	hr,sr,bs	Crnògorac	-	-	m	-	-	HJP
Danilovgrad	ME	hr,sr,bs	Dànilovgrād	Dànilovgrāda	-	m	-	-	Wiktionary
Dobrovo	SI	hr,sr,bs	Dobrȏvo	-	-	sr	-	-	Wiktionary
Drenovac	RS	hr,sr,bs	Drénovac	Drénōvca	-	m	-	-	HJP
Drina	BA	hr,sr,bs	Drína	-	-	ž	-	-	HJP+Wiktionary
Durmitor	ME	hr,sr,bs	Dùrmitor	-	-	m	-	-	HJP+Wiktionary
Fojnica	BA	hr,sr,bs	Fȏjnica	-	-	ž	-	-	Vuk
Gamzigrad	RS	hr,sr,bs	Gàmzigrād	-	-	m	-	-	Vuk
Glamoč	BA	hr,sr,bs	Glámoč	-	-	m	-	-	HJP+Wiktionary
Golubac	RS	hr,sr,bs	Golúbac	Golúpca	-	m	-	-	Vuk
Gradačac	BA	hr,sr,bs	Gradàčac	-	-	m	-	-	Vuk
Grnčara	RS	hr,sr,bs	Gr̀nčara	-	-	ž	-	-	Vuk
Hum	SI	hr,sr,bs	Hȗm	-	-	m	-	=	HJP
Ibar	RS	hr,sr,bs	Ȉbar	-	-	m	-	-	Wiktionary
Igalo	ME	hr,sr,bs	Ȉgalo	Ȉgala	-	sr	-	=	Wiktionary
Ilidža	BA	hr,sr,bs	Ilìdža	-	-	ž	-	-	HJP+Wiktionary
Jagodina	RS	hr,sr,bs	Jȁgodina	-	-	ž	-	-	Vuk
Jahorina	BA	hr,sr,bs	Jȁhorina	-	-	ž	-	-	HJP+Vuk
Jajce	BA	hr,sr,bs	Jájce	-	-	sr	-	=	HJP+Wiktionary
Jesenice	SI	hr,sr,bs	Jesènice	-	-	ž	-	-	HJP
Kamenari	ME	hr,sr,bs	Kȁmenāri	Kȁmenārā	-	m	pl	-	Wiktionary
Kanton	BA	hr,sr,bs	Kànton	-	-	m	-	-	HJP
Kneževo	BA	hr,sr,bs	Knéževo	-	-	sr	-	-	HJP
Kolašin	ME	hr,sr,bs	Kolàšin	Kolàšina	-	m	-	-	Wiktionary
Kolubara	RS	hr,sr,bs	Kolùbara	Kolùbarē	-	ž	-	-	HJP+Wiktionary
Kozara	BA	hr,sr,bs	Kòzara	-	-	ž	-	-	HJP
Kozaruša	BA	hr,sr,bs	Kozàruša	-	-	ž	-	-	Vuk
Kočevje	SI	hr,sr,bs	Kočévje	-	-	sr	-	-	HJP
Kranj	SI	hr,sr,bs	Krȃnj	-	-	m	-	-	HJP
Kranjska	SI	hr,sr,bs	Krȃnjskā	-	-	ž	-	-	HJP
Krupanj	RS	hr,sr,bs	Krȗpanj	-	-	m	-	-	Vuk
Krušedol	RS	hr,sr,bs	Krušèdol	-	-	m	-	-	Vuk
Kupinovo	RS	hr,sr,bs	Kùpinovo	-	-	sr	-	-	Vuk
Levač	RS	hr,sr,bs	Lévač	-	-	m	-	-	Vuk
Livno	BA	hr,sr,bs	Lívno	-	-	sr	-	-	HJP+Wiktionary
Ljig	RS	hr,sr,bs	Ljȋg	Ljíga	-	m	-	-	Vuk
Lovćen	ME	sr,bs	Lȏvćen	Lȏvćena	-	m	-	-	Wiktionary
Lug	BA	hr,sr,bs	Lȗg	-	-	m	-	=	HJP
Mačva	RS	hr,sr,bs	Mȃčva	-	-	ž	-	-	Vuk
Mojkovac	ME	hr,sr,bs	Mójkovac	Mójkōvca	-	m	-	-	Wiktionary
Moravče	SI	hr,sr,bs	Morávče	-	-	sr	-	-	HJP
Morača	ME	hr,sr,bs	Mòrača	Mòračē	-	ž	-	-	HJP+Wiktionary
Muo	ME	hr,sr,bs	Mȕo	Mȗla	-	sr	-	=	Wiktionary
Mura	SI	hr,sr,bs	Múra	-	-	ž	-	=	HJP
Negotin	RS	hr,sr,bs	Nȅgotīn	-	-	m	-	-	Wiktionary
Nevesinje	BA	hr,sr,bs	Nevèsinje	-	-	sr	-	-	HJP+Wiktionary
Niš	RS	hr,sr,bs	Nȋš	Níša	-	m	-	=	Wiktionary+Vuk
Novi Pazar	RS	hr,sr,bs	Nȍvī Pàzār	-	-	m	-	-	HJP+Wiktionary
Obrovac	RS	hr,sr,bs	Obróvac	Obróvca	-	m	-	-	HJP
Ostrožac	BA	hr,sr,bs	Ostròžac	-	-	m	-	-	HJP+Vuk
Paraćin	RS	hr,sr,bs	Pȁraćīn	-	-	m	-	-	Vuk
Pelagonija	MK	hr,sr,bs	Pelàgōnija	-	-	ž	-	-	HJP
Peć	XK	hr,sr,bs	Pȇć	-	-	ž	-	=	HJP+Wiktionary
Pljevlja	ME	hr	Pljȇvlja	Pljȇvāljā	-	sr	pl	-	HJP
Pomoravlje	RS	sr,bs	Pomòrāvlje	-	-	sr	-	-	Vuk
Postojna	SI	hr,sr,bs	Pòstōjna	-	-	ž	-	-	HJP
Priština	XK	sr,bs	Prȋština	-	-	ž	-	-	Wiktionary
Prozor	BA	hr,sr,bs	Prózor	-	-	m	-	=	HJP
Ravanica	RS	hr,sr,bs	Ravànica	-	-	ž	-	-	Vuk
Rtanj	RS	hr,sr,bs	Ȓtanj	-	-	m	-	-	Vuk	Rtanja,Rtanjem,Rtanju
Sana	BA	hr,sr,bs	Sána	-	-	ž	-	=	HJP+Wiktionary
Selce	MK	hr,sr,bs	Sélce	Sélca	-	sr	-	=	HJP
Semberija	BA	hr,bs	Sèmbērija	-	-	ž	-	-	HJP
Semberija	BA	sr	Sȅmberija	-	-	ž	-	-	Vuk
Senta	RS	hr,sr,bs	Sȇnta	-	-	ž	-	-	Vuk
Sinjajevina	ME	hr,sr,bs	Sìnjajevina	Sìnjajevinē	-	ž	-	-	Wiktionary
Slovenija	SI	hr,sr,bs	Slòvēnija	-	-	ž	-	-	HJP
Sokolac	BA	hr,sr,bs	Sokòlac	Sokólca	-	m	-	-	HJP+Wiktionary
Sombor	RS	hr,sr,bs	Sȏmbor	-	-	m	-	-	HJP+Wiktionary
Spuž	ME	hr,sr,bs	Spȗž	-	-	m	-	-	Wiktionary	Spuža,Spužem,Spužu
Srem	RS	hr,sr,bs	Srȇm	-	-	m	-	-	Wiktionary	Srema,Sremom,Sremu
Sremska Mitrovica	RS	hr,sr,bs	Srȇmskā Mȉtrovica	-	-	ž	-	-	HJP
Sremski Karlovci	RS	hr,sr,bs	Srȇmskī Kȃrlovci	-	-	m	pl	-	HJP
Stalać	RS	hr,sr,bs	Stàlāć	Staláća	-	m	-	-	Vuk
Timok	RS	hr,sr,bs	Tìmok	Timòka	-	m	-	-	Vuk
Topola	RS	hr,sr,bs	Topòla	-	-	ž	-	=	Wiktionary
Travnik	BA	hr,sr,bs	Trȃvnīk	-	-	m	-	-	HJP+Wiktionary
Trebević	BA	hr,bs	Trebèvīć	Trebevíća	-	m	-	-	HJP
Trebević	BA	sr	Trebèvić	Trebevíća	-	m	-	-	Vuk+HJP
Trnje	SI	hr,sr,bs	Tȓnje	-	-	sr	-	=	HJP
Tuzi	ME	hr,sr,bs	Tȗzi	Túzī	-	ž	pl	=	Wiktionary
Ulcinj	ME	sr,bs	Úlcinj	Úlcinja	-	m	-	-	Wiktionary
Valjevo	RS	hr,sr,bs	Vȃljevo	-	-	sr	-	-	Wiktionary
Vareš	BA	hr,sr,bs	Vàreš	Varèša	-	m	-	-	HJP+Wiktionary
Virpazar	ME	hr,sr,bs	Vȉrpazār	-	-	m	-	-	Wiktionary
Visoko	BA	hr,sr,bs	Vìsokō	Vìsokōga	-	sr	-	=	HJP+Wiktionary
Višegrad	BA	hr,sr,bs	Vìšegrād	-	-	m	-	-	HJP+Wiktionary
Vrbje	SI	hr,sr,bs	Vȓbje	-	-	sr	-	-	Wiktionary	Vrbja,Vrbjem,Vrbju
Vrdnik	RS	hr,sr,bs	Vr̀dnīk	Vrdníka	-	m	-	-	Vuk
Zaječar	RS	hr,sr,bs	Zȁječār	-	-	m	-	-	Wiktionary
Zavidovići	BA	hr,sr,bs	Závidovići	Závidovīćā	-	m	pl	-	HJP
Zemun	RS	hr	Zèmūn	-	-	m	-	-	HJP
Zemun	RS	sr,bs	Zȅmūn	Zȅmūna	-	m	-	-	Wiktionary
Zvornik	BA	hr,sr,bs	Zvòrnīk	Zvorníka	-	m	-	-	HJP+Wiktionary
Čanj	ME	hr,sr,bs	Čȃnj	Čánja	-	m	-	-	Wiktionary
Čačak	RS	hr,sr,bs	Čáčak	-	-	m	-	-	Wiktionary
Čokešina	RS	hr,sr,bs	Čȍkešina	-	-	ž	-	-	Vuk
Čvrsnica	BA	hr,sr,bs	Čvŕsnica	-	-	ž	-	-	Vuk
Šavnik	ME	hr,sr,bs	Šàvnīk	Šavníka	-	m	-	-	Wiktionary
Škaljari	ME	hr,sr,bs	Škȁljāri	-	-	m	pl	-	Vuk
Žabljak	ME	hr,sr,bs	Žȁbljāk	Žȁbljāka	-	m	-	=	Wiktionary
Žiča	RS	hr,sr,bs	Žȋča	-	-	ž	-	-	Vuk
